title,abstract,authors,year,journal,doi,keywords
PLANNING AHEAD: DYNAMIC MODELS FORECAST BLUE WHALE DISTRIBUTION WITH APPLICATIONS FOR SPATIAL MANAGEMENT,"RESOURCES IN THE OCEAN ARE EPHEMERAL, AND EFFECTIVE MANAGEMENT MUST THEREFORE ACCOUNT FOR THE DYNAMIC SPATIAL AND TEMPORAL PATTERNS OF ECOSYSTEMS AND SPECIES OF CONCERN. WE FOCUS ON THE SOUTH TARANAKI BIGHT (STB) OF NEW ZEALAND, WHERE UPWELLING GENERATES PRODUCTIVITY AND PREY TO SUPPORT AN IMPORTANT FORAGING GROUND FOR BLUE WHALES THAT OVERLAPS WITH ANTHROPOGENIC PRESSURE FROM INDUSTRIAL ACTIVITIES. WE INCORPORATE REGIONAL ECOLOGICAL KNOWLEDGE OF UPWELLING DYNAMICS, PHYSICAL-BIOLOGICAL COUPLING AND ASSOCIATED LAGS IN MODELS TO FORECAST SEA SURFACE TEMPERATURE (SST) AND NET PRIMARY PRODUCTIVITY (NPP) WITH UP TO 3 WEEKS LEAD TIME. FORECASTED ENVIRONMENTAL LAYERS ARE THEN IMPLEMENTED IN SPECIES DISTRIBUTION MODELS TO PREDICT SUITABLE BLUE WHALE HABITAT IN THE STB. MODELS WERE CALIBRATED USING DATA FROM THE AUSTRAL SUMMERS OF 2009-2019, AND ECOLOGICAL FORECAST SKILL WAS EVALUATED BY PREDICTING TO WITHHELD DATA. BOOSTED REGRESSION TREE MODELS SKILFULLY FORECASTED SST (CV DEVIANCE EXPLAINED = 0.969-0.970) AND NPP (CV DEVIANCE EXPLAINED = 0.738-0.824). THE SUBSEQUENT BLUE WHALE DISTRIBUTION FORECAST MODELS HAD HIGH PREDICTIVE PERFORMANCE (AUC = 0.889), EFFECTIVELY FORECASTING SUITABLE HABITAT ON A DAILY SCALE WITH 1-3 WEEKS LEAD TIME. THE SPATIAL LOCATION AND EXTENT OF FORECASTED BLUE WHALE HABITAT WERE VARIABLE, WITH THE PROPORTION OF PETROLEUM AND MINERAL PERMIT AREAS THAT OVERLAPPED WITH DAILY SUITABLE HABITAT RANGING FROM 0% TO 70%. HENCE, THE STB AND THESE FORECAST MODELS ARE WELL-SUITED FOR DYNAMIC MANAGEMENT THAT COULD REDUCE ANTHROPOGENIC THREATS TO WHALES WHILE DECREASING REGULATORY BURDENS TO INDUSTRY USERS RELATIVE TO A TRADITIONAL STATIC PROTECTED AREA. SYNTHESIS AND APPLICATIONS. WE DEVELOP AND TEST ECOLOGICAL FORECAST MODELS THAT PREDICT SEA SURFACE TEMPERATURE, NET PRIMARY PRODUCTIVITY AND BLUE WHALE SUITABLE HABITAT UP TO 3 WEEKS IN THE FUTURE WITHIN NEW ZEALAND'S SOUTH TARANAKI BIGHT REGION. THESE FORECASTS OF WHALE DISTRIBUTION CAN BE EFFECTIVELY APPLIED FOR DYNAMIC SPATIAL MANAGEMENT DUE TO MODEL FOUNDATION ON QUANTIFIED LINKS AND LAGS BETWEEN PHYSICAL FORCING AND BIOLOGICAL RESPONSES. A FRAMEWORK TO OPERATIONALIZE THESE FORECASTS THROUGH A USER-DRIVEN APPLICATION IS IN DEVELOPMENT TO PROACTIVELY INFORM CONSERVATION MANAGEMENT DECISIONS. THIS FRAMEWORK IS IMPLEMENTED THROUGH STAKEHOLDER ENGAGEMENT, ALLOWS FLEXIBILITY BASED ON MANAGEMENT OBJECTIVES, AND IS AMENABLE TO IMPROVEMENT AS NEW KNOWLEDGE AND FEEDBACK ARE RECEIVED.",BARLOW DR;TORRES LG,2021,JOURNAL OF APPLIED ECOLOGY,10.1111/1365-2664.13992,BLUE WHALE; BOOSTED REGRESSION TREES; DYNAMIC MANAGEMENT; FORECAST MODELS; NEW ZEALAND; OCEANOGRAPHY; SPECIES DISTRIBUTION MODELS; UPWELLING
TRANSBOUNDARY MARINE PROTECTED AREAS,"COUNTRIES EXPLOITING TRANSBOUNDARY NATURAL RESOURCES FACE STRONG INCENTIVES TO OVEREXPLOIT. THIS BASIC ECONOMIC INSIGHT HAS BEEN VALIDATED EMPIRICALLY WHERE NUMEROUS RESOURCES SUCH AS WATER, FORESTS, GAME, AND FISHERIES ARE FOUND TO BE IN WORSE CONDITION THAN THOSE COMPLETELY CONTAINED IN SINGLE NATIONS. ATTEMPTS TO SOLVE THIS CHALLENGE THROUGH CROSS-COUNTRY COOPERATION HAVE BEEN LARGELY UNSUCCESSFUL BECAUSE COMPETITIVE EXTRACTION IS OFTEN MORE ATTRACTIVE THAN ADHERING TO COOPERATIVE AGREEMENTS. FOCUSING ON THE FISHERY, WE EXPLORE THE GAME-THEORETIC ECONOMICS OF AN ALTERNATIVE TO COOPERATIVE ARRANGEMENTS, CALLED A TRANSBOUNDARY MARINE PROTECTED AREA (TMPA), WHICH STRADDLES BOTH COUNTRIES' WATERS. WE DERIVE THE CONDITIONS UNDER WHICH IT CAN IMPROVE PROFITS AND STOCK BIOMASS, EVEN IN THE PRESENCE OF INDIVIDUALLY-RATIONAL NON-COOPERATION ACROSS COUNTRIES. STRIKINGLY, WE FIND THAT WELL-DESIGNED TMPAS HAVE THE POTENTIAL TO COMPLETELY OVERCOME NON-COOPERATION ACROSS COUNTRIES; THIS RESULT IS STRONGEST FOR LOW GROWTH RATE SPECIES. A TMPA CAN EARN HIGHER HARVEST BENEFITS FOR BOTH COUNTRIES, INCREASE STOCKS IN BOTH COUNTRIES, AND IN MANY CASES, CAN EVEN REPRODUCE THE FULLY COOPERATIVE OUTCOME. (C) 2021 ELSEVIER B.V. ALL RIGHTS RESERVED.",COSTELLO C;MOLINA R,2021,RESOURCE AND ENERGY ECONOMICS,10.1016/j.reseneeco.2021.101239,TRANSBOUNDARY RESOURCES; GAME THEORY; FISHERIES; MARINE PROTECTED AREA; SPATIAL MANAGEMENT
HOLISTIC ASSESSMENT OF CHWAKA BAY'S MULTI-GEAR FISHERY - USING A TROPHIC MODELING APPROACH,"EAST AFRICAN COASTAL COMMUNITIES HIGHLY DEPEND ON MARINE RESOURCES FOR NOT JUST INCOME BUT ALSO PROTEIN SUPPLY. THE MULTI-SPECIES, MULTI-GEAR NATURE OF EAST AFRICAN FISHERIES MAKES THIS TYPE OF FISHERY PARTICULARLY DIFFICULT TO MANAGE, AS THERE IS A TRADE-OFF BETWEEN MAXIMIZING TOTAL CATCH FROM ALL GEARS AND SPECIES AND MINIMIZING OVERFISHING OF TARGET SPECIES AND THE DISINTEGRATION OF THE ECOSYSTEM. THE USE AND SPATIO-TEMPORAL OVERLAP OF MULTIPLE GEARS IN CHWAKA BAY (ZANZIBAR) HAS LED TO SEVERE CONFLICTS BETWEEN FISHERMEN. THERE IS A GENERAL CONCERN OF OVERFISHING IN THE BAY BECAUSE OF THE WIDESPREAD USE OF SMALL MESH SIZES AND DESTRUCTIVE GEARS SUCH AS DRAGNETS AND SPEAR GUNS. WE CONSTRUCTED AN ECOPATH FOOD WEB MODEL TO DESCRIBE THE CURRENT TROPHIC FLOW STRUCTURE AND FISHING PATTERN OF THE BAY. BASED ON THIS MODEL, WE EXPLORED THE IMPACT OF DIFFERENT GEARS ON THE ECOSYSTEM AND THE FISHING COMMUNITY IN ORDER TO GIVE ADVICE FOR GEAR BASED MANAGEMENT IN THE BAY. RESULTS INDICATE THAT CHWAKA BAY IS A PRODUCTIVE, SHALLOW WATER SYSTEM, WITH BIOMASS CONCENTRATIONS AROUND THE FIRST AND SECOND TROPHIC LEVEL. THE SYSTEM IS GREATLY BOTTOM-UP DRIVEN AND DOMINATED BY PRIMARY PRODUCERS AND INVERTEBRATES. THE TROPHIC AND NETWORK INDICATORS AS WELL AS THE COMMUNITY ENERGETICS CHARACTERIZE CHWAKA BAY AS RELATIVELY MATURE. TRAPS AND DRAGNETS HAVE THE STRONGEST IMPACT ON THE ECOSYSTEM AND ON THE CATCHES OBTAINED BY OTHER GEARS. BOTH GEARS POTENTIALLY DESTABILIZE THE ECOSYSTEM BY REDUCING THE BIOMASS OF TOP-DOWN CONTROLLING KEY SPECIES (INCLUDING IMPORTANT HERBIVORES OF MACROALGAE). THE DRAGNET FISHERY IS THE LEAST PROFITABLE, BUT PROVIDES MOST JOBS FOR THE FISHING COMMUNITY. THUS, A COMPLETE BAN OF DRAGNETS IN THE BAY WOULD REQUIRE THE PROVISION OF ALTERNATIVE LIVELIHOODS. DUE TO THE LOW RESOURCE BIOMASS OF FISH IN THE BAY AND THE INDICATION OF A LOSS OF STRUCTURAL CONTROL OF CERTAIN FISH GROUPS, CHWAKA BAY DOES NOT SEEM TO PROVIDE SCOPE FOR FURTHER EXPANSION OF THE FISHERY. INSTEAD, WE RECOMMEND AN EFFORT CONTROL OF TRAPS AND A REDUCTION IN THE USE OF DRAGNETS, PARTIALLY BY REDISTRIBUTING THEM TO THE MORE PROFITABLE AND LESS IMPACTING GEARS (E.G. LONGLINES, GILLNETS, HANDLINES).",REHREN J;WOLFF M;JIDDAWI N,2018,JOURNAL OF MARINE SYSTEMS,10.1016/j.jmarsys.2018.01.002,CHWAKA BAY; SMALL-SCALE FISHERY; MULTI-GEAR FISHERY; GEAR MANAGEMENT; ECOPATH
ASSESSING THE POPULATION-LEVEL CONSERVATION EFFECTS OF MARINE PROTECTED AREAS,"MARINE PROTECTED AREAS (MPAS) COVER 3-7% OF THE WORLD'S OCEAN, AND INTERNATIONAL ORGANIZATIONS CALL FOR 30% COVERAGE BY 2030. ALTHOUGH NUMEROUS STUDIES SHOW THAT MPAS PRODUCE CONSERVATION BENEFITS INSIDE THEIR BORDERS, MANY MPAS ARE ALSO JUSTIFIED ON THE GROUNDS THAT THEY CONFER CONSERVATION BENEFITS TO THE CONNECTED POPULATIONS THAT SPAN BEYOND THEIR BORDERS. A NETWORK OF MPAS COVERING ROUGHLY 20% OF THE CHANNEL ISLANDS NATIONAL MARINE SANCTUARY WAS ESTABLISHED IN 2003, WITH A GOAL OF PROVIDING REGIONAL CONSERVATION AND FISHERY BENEFITS. WE USED A SPATIALLY EXPLICIT BIOECONOMIC SIMULATION MODEL AND A BAYESIAN DIFFERENCE-IN-DIFFERENCE REGRESSION TO EXAMINE THE CONDITIONS UNDER WHICH MPAS CAN PROVIDE POPULATION-LEVEL CONSERVATION BENEFITS INSIDE AND OUTSIDE THEIR BORDERS AND TO ASSESS EVIDENCE OF THOSE BENEFITS IN THE CHANNEL ISLANDS. AS OF 2017, WE ESTIMATED THAT BIOMASS DENSITIES OF TARGETED FIN-FISH HAD A MEDIAN VALUE 81% HIGHER (90% CREDIBLE INTERVAL: 23-148) INSIDE THE CHANNEL ISLAND MPAS THAN OUTSIDE. HOWEVER, WE FOUND NO CLEAR EFFECT OF THESE MPAS ON MEAN TOTAL BIOMASS DENSITIES AT THE POPULATION LEVEL: ESTIMATED MEDIAN EFFECT WAS -7% (90% CREDIBLE INTERVAL: -31 TO 23) FROM 2015 TO 2017. OUR SIMULATION MODEL SHOWED THAT EFFECT SIZES OF MPAS OF <30% WERE LIKELY TO BE DIFFICULT TO DETECT (EVEN WHEN THEY WERE PRESENT); SMALLER EFFECT SIZES (WHICH ARE LIKELY TO BE COMMON) WERE EVEN HARDER TO DETECT. CLEARLY, COMMUNICATING EXPECTATIONS AND UNCERTAINTIES AROUND MPAS IS CRITICAL TO ENSURING THAT MPAS ARE EFFECTIVE. WE PROVIDE A NOVEL ASSESSMENT OF THE POPULATION-LEVEL EFFECTS OF A LARGE MPA NETWORK ACROSS MANY DIFFERENT SPECIES OF TARGETED FIN-FISH, AND OUR RESULTS OFFER GUIDANCE FOR COMMUNITIES CHARGED WITH MONITORING AND ADAPTING MPAS.",OVANDO D;CASELLE JE;COSTELLO C;DESCHENES O;GAINES SD;HILBORN R;LIU O,2021,CONSERVATION BIOLOGY,10.1111/cobi.13782,BIOECONOMIC MODELING; CAUSAL INFERENCE; CHANNEL ISLANDS NATIONAL MARINE SANCTUARY; MARINE CONSERVATION; MARINE PROTECTED AREA NETWORKS; PROGRAM EVALUATION; CONSERVACION MARINA; INFERENCIA CAUSAL; MODELO BIOECONOMICO; PROGRAMA DE EVALUACION; REDES DE AREAS MARINAS PROTEGIDAS; SANTUARIO MARINO NACIONAL DE LAS ISLAS DEL CANAL
ADAPTING THE STEEPNESS PARAMETER FROM STOCK-RECRUIT CURVES FOR USE IN SPATIALLY EXPLICIT MODELS,"TO INFORM THE DESIGN OF MPA NETWORKS AND ENSURE THAT THEY WILL MEET STATED GOALS, SPATIALLY EXPLICIT METAPOPULATION MODELS ARE OFTEN USED TO SIMULATE THE RESPONSE OF FISHED SPECIES TO MPA IMPLEMENTATION. TYPICALLY, SUCH MODELS ARE SIMPLY SPATIAL EXTENSIONS OF TRADITIONAL, NONSPATIAL POPULATION MODELS USED IN FISHERIES MANAGEMENT. A COMMON ASSUMPTION USED IN MAKING THIS TRANSITION IS THAT R'(0), THE SLOPE AT THE ORIGIN OF THE NONSPATIAL, POPULATION-WIDE EGG-RECRUIT RELATIONSHIP (OFTEN TERMED THE STEEPNESS OR COMPENSATION RATIO), CAN BE USED TO ESTIMATE ALPHA, THE SLOPE AT THE ORIGIN OF THE SMALL-SCALE SETTLER-RECRUIT RELATIONSHIP USED IN SPATIALLY EXPLICIT MODELS. THIS ASSUMPTION IS NOT ALWAYS CORRECT. IN PARTICULAR, THE VALUE OF R'(0) OFTEN IMPLICITLY ACCOUNTS FOR A VARIETY OF PROCESSES SPANNING THE EGG-RECRUIT TRANSITION, INCLUDING LARVAL MORTALITY AND ADVECTION AWAY FROM SUITABLE HABITAT. IF A SPATIAL MODEL ACCOUNTS FOR SOME OF THOSE LOSS PROCESSES EXPLICITLY, SUCH AS BY USING AN OCEANOGRAPHICALLY REALISTIC DISPERSAL MATRIX, IT BECOMES NECESSARY TO ADJUST THE ESTIMATE OF ALPHA UPWARDS TO AVOID DOUBLE-COUNTING THOSE LOSSES. HERE I PRESENT A SIMPLE CORRECTION INVOLVING THE DOMINANT EIGENVALUE OF THE DISPERSAL MATRIX THAT ADJUSTS THE VALUE OF R'(0) TO AVOID THIS ERROR. APPLYING THIS CORRECTION FACTOR ENSURES THAT A SPATIALLY EXPLICIT MODEL WILL PREDICT POPULATION COLLAPSE AT THE SAME LEVEL OF FISHING IMPLIED BY A LARGE-SCALE ESTIMATE OF R'(0). (C) 2009 ELSEVIER B.V. ALL RIGHTS RESERVED.",WHITE JW,2010,FISHERIES RESEARCH,10.1016/j.fishres.2009.12.008,COMPENSATION RATIO; POPULATION PERSISTENCE; SPATIALLY EXPLICIT METAPOPULATION MODEL; STEEPNESS
MODELLING THE GREAT AUSTRALIAN BIGHT ECOSYSTEM,"THE GREAT AUSTRALIAN BIGHT RESEARCH PROGRAM HAS GENERATED EXTENSIVE NEW KNOWLEDGE ABOUT THE GREAT AUSTRALIAN BIGHT (GAB) SYSTEM. INTEGRATING DISPARATE DATASETS (INCLUDING OLD AND NEW KNOWLEDGE) IS A CHALLENGE FOR ANY LOCATION, BUT IS INCREASINGLY IMPORTANT GIVEN THE EXPANSION OF THE MARINE INDUSTRIES CONSTITUTING THE BLUE ECONOMY. THIS IS PARTICULARLY SO WHEN INDUSTRIES OPERATE IN FRONTIER, OR REMOTE REGIONS WITH HIGH CONSERVATION SIGNIFICANCE. ECOSYSTEM MODELS ARE AN INTEGRATION TOOL THAT CAN GIVE INSIGHT INTO THE STRUCTURE AND FUNCTION OF MARINE SYSTEMS AND ACT AS A TESTBED FOR EXPLORING SCENARIOS OF DEVELOPMENT FOR THE REGION. TWO OF THE MOST WIDELY USED ECOSYSTEM MODELS (ATLANTIS AND ECOPATH WITH ECOSIM) WERE IMPLEMENTED FOR THE GAB, TO ALLOW AN EXPLORATION OF DEVELOPMENT SCENARIOS AND TO PROVIDE TOOLS IN SUPPORT OF FUTURE MANAGEMENT OF THE GAB'S SOCIOECOLOGICAL SYSTEMS. THE MODELS WERE USED TO EVALUATE THE VULNERABILITY OF KEY SPECIES, FOOD WEBS, HABITATS AND ANIMAL GROUPINGS TO ECOSYSTEM STRESSORS SUCH AS CLIMATE CHANGE, FISHERIES, DISEASE, CHANGING SPATIAL MANAGEMENT, AQUACULTURE AND OIL SPILLS. THE MODELS' RESPONSES TO CESSATION OF FISHING INDICATE THAT THE ANTHROPOGENIC SIGNATURE IS NOT 'UNTOUCHED', BUT IS NOT YET SUBSTANTIALLY DEGRADED. THE COMPLEXITY AND CONFINED AREA OF MUCH OF THE NATURAL AND ANTHROPOGENIC ACTIVITY IN THE REGION, WHICH IS HIGHLY CONCENTRATED IN THE GULFS AND ALONG THE SHORELINE, MEANS THE SYSTEM IS SUFFICIENTLY INTERLINKED FOR CUMULATIVE NONLINEAR OUTCOMES TO OCCUR IF THE SYSTEM IS SUFFICIENTLY STRESSED. SCENARIOS OF INCREASED FISHING PRESSURE HAD THE GREATEST IMPACTS ON INDIVIDUAL FUNCTIONAL GROUPS, WHILE SCENARIOS OF OCEAN WARMING HAD THE GREATEST INFLUENCE ON ECOSYSTEM STRUCTURE AND INTEGRITY. OIL SPILL SCENARIOS (E.G. CAUSED BY POTENTIAL OFF-SHORE SHIPPING ACCIDENTS) HAD POTENTIAL IMPACTS ON SEABIRDS, PELAGIC FISHES AND MARINE MAMMALS, WITH FLOW-ON EFFECTS TO THE WHOLE ECOSYSTEM, BUT ONLY IN A CONFINED AREA IMMEDIATELY AROUND THE INCIDENT'S FOOTPRINT. THESE RESULTS GIVE SCIENTISTS AND MANAGERS INSIGHTS INTO HOW EXPANDING THE BLUE ECONOMY COULD IMPACT ECOSYSTEM SERVICES AND THE SOCIETIES CURRENTLY DEPENDENT ON THEM. THIS WORK ALSO PROVIDES A SET OF TOOLS FOR THE GAB THAT CAN ACT AS A LAUNCH POINT FOR SYSTEMS ANALYSIS AND CAN FACILITATE FUTURE ASSESSMENTS OR PLANNING FOR THE REGION.",FULTON EA;BULMAN CM;PETHYBRIDGE H;GOLDSWORTHY SD,2018,DEEP-SEA RESEARCH PART II-TOPICAL STUDIES IN OCEANOGRAPHY,10.1016/j.dsr2.2018.11.002,END-TO-END MODEL; FOOD WEB MODELS; MODEL COMPARISON; SCENARIO ANALYSIS; ECOSYSTEM INDICATORS; STRATEGIC MANAGEMENT; ENVIRONMENTAL ASSESSMENT
RETROSPECTIVE ANALYSIS OF MEASURES TO REDUCE LARGE WHALE ENTANGLEMENTS IN A LUCRATIVE COMMERCIAL FISHERY,"RECOVERING MARINE ANIMAL POPULATIONS AND CLIMATE-DRIVEN SHIFTS IN THEIR DISTRIBUTIONS ARE COLLIDING WITH GROWING OCEAN USE BY HUMANS. ONE SUCH EXAMPLE IS THE BYCATCH OF WHALES IN COMMERCIAL FISHING, WHICH POSES A SIGNIFICANT THREAT TO THE CONSERVATION AND CONTINUED RECOVERY OF THESE PROTECTED ANIMALS AND IS A MAJOR BARRIER TO SUSTAINABLE FISHERIES. LONG-LASTING SOLUTIONS TO THIS PROBLEM NEED TO BE ROBUST TO VARIABILITY IN ECOLOGICAL DYNAMICS WHILE ALSO ADDRESSING SOCIO-CULTURAL AND ECONOMIC CONCERNS. WE ASSESSED THE EFFICACY OF GEAR REDUCTIONS AS AN ENTANGLEMENT MITIGATION STRATEGY DURING 2019 AND 2020 IN THE HIGHLY VALUABLE DUNGENESS CRAB FISHERY (WASHINGTON STATE, USA) IN TERMS OF CHANGES IN THE ENTANGLEMENT RISK TO PROTECTED BLUE AND HUMPBACK WHALES, AND IN TERMS OF ECONOMIC CONSEQUENCES FOR THE FISHERY. USING A COMBINATION OF FISHERY LOGBOOKS, LANDINGS DATA, AND WHALE HABITAT MODELS, WE FOUND THAT IN THE TWO SEASONS WITH MANDATORY CRAB POT REDUCTIONS, ENTANGLEMENT RISK WAS REDUCED BY UP TO 20 % FOR BLUE WHALES, AND 78 % FOR HUMPBACK WHALES, COMPARED TO SEASONS WITH NO REGULATIONS. SPATIO-TEMPORAL VARIABILITY IN THE DISTRIBUTION OF EACH WHALE SPECIES WAS A KEY FACTOR IN DETERMINING RISK. IMPORTANTLY, THE CONSERVATION MEASURE DID NOT HAVE A SUBSTANTIAL NEGATIVE EFFECT ON FLEET-LEVEL FISHERY PERFORMANCE METRICS, DESPITE A REDUCTION IN FISHING EFFORT. RESULTS INDICATED THAT A SIMPLE, FIXED MANAGEMENT STRATEGY ACHIEVED THE DESIRED CONSERVATION GOALS IN AN ECONOMICALLY SUSTAINABLE WAY. OUR FINDINGS UNDERSCORE THE VALUE OF CAREFULLY CONSIDERING THE DYNAMIC NATURE OF SPECIES' SPATIAL DISTRIBUTIONS AND KEY SOCIAL AND ECONOMIC IMPACTS THAT TOGETHER DETERMINE CONSERVATION EFFICACY.",RIEKKOLA L;LIU OR;FEIST BE;FORNEY KA;ABRAHMS B;HAZEN EL;SAMHOURI JF,2023,BIOLOGICAL CONSERVATION,10.1016/j.biocon.2022.109880,BYCATCH; CONSERVATION; FISHERIES MANAGEMENT; SPECIES DISTRIBUTION SHIFTS; WHALE ENTANGLEMENT
GUIDELINES FOR INCORPORATING FISH DISTRIBUTION SHIFTS INTO A FISHERIES MANAGEMENT CONTEXT,"THE IMPACTS OF CLIMATE CHANGE HAVE BEEN DEMONSTRATED TO INFLUENCE FISHERIES RESOURCES. ONE WAY CLIMATE HAS AFFECTED FISH STOCKS IS VIA PERSISTENT SHIFTS IN SPATIO-TEMPORAL DISTRIBUTION. ALTHOUGH EXAMPLES OF CLIMATE-FORCED DISTRIBUTION SHIFTS ABOUND, IT IS UNCLEAR HOW THESE SHIFTS ARE PRACTICALLY ACCOUNTED FOR IN THE MANAGEMENT OF FISH STOCKS. IN PARTICULAR, HOW CAN WE TAKE INTO ACCOUNT SHIFTING STOCK DISTRIBUTION IN THE CONTEXT OF STOCK ASSESSMENTS AND THEIR MANAGEMENT OUTPUTS? HERE, WE DISCUSS EXAMPLES OF THE TYPES OF FISH STOCK DISTRIBUTION SHIFTS THAT CAN OCCUR. WE THEN PROPOSE A DECISION TREE FRAMEWORK OF HOW SHIFTING STOCK DISTRIBUTIONS CAN BE ADDRESSED. GENERALLY, THE APPROACHES FOR ADDRESSING SUCH SHIFTS FALL INTO ONE OF THREE MAIN ALTERNATIVES: RE-EVALUATE STOCK IDENTIFICATION, RE-EVALUATE A STOCK UNIT AREA, OR IMPLEMENT SPATIALLY EXPLICIT MODELLING. WE CONCLUDE BY ASSERTING THAT THE APPROACH RECOMMENDED HERE IS FEASIBLE WITH EXISTING INFORMATION AND AS SUCH FISHERIES MANAGERS SHOULD BE ABLE TO BEGIN ADDRESSING THE ROLE OF CHANGES IN STOCK DISTRIBUTION IN THESE FISH STOCKS. THE IMPLICATIONS OF NOT DOING SO COULD BE NOTABLY UNDESIRABLE.",LINK JS;NYE JA;HARE JA,2011,FISH AND FISHERIES,10.1111/j.1467-2979.2010.00398.x,CLIMATE CHANGE; DECISION TREES; DISTRIBUTION; EXTENDED STOCK ASSESSMENT MODELS; SHIFTING FISHERIES; SPATIALLY EXPLICIT MODELS
MANAGEMENT OF AN ANNUAL FISHERY IN THE PRESENCE OF ECOLOGICAL STRESS: THE CASE OF SHRIMP AND HYPOXIA,"THE EMERGENCE OF ECOSYSTEM-BASED MANAGEMENT SUGGESTS THAT TRADITIONAL FISHERIES MANAGEMENT AND PROTECTION OF ENVIRONMENTAL QUALITY ARE INCREASINGLY INTERRELATED. FISHERY MANAGERS, HOWEVER, HAVE LIMITED CONTROL OVER MOST SOURCES OF MARINE AND ESTUARINE POLLUTION AND AT BEST CAN ONLY ADAPT TO ENVIRONMENTAL CONDITIONS. WE DEVELOP A BIOECONOMIC MODEL OF OPTIMAL HARVEST OF AN ANNUAL SPECIES THAT IS SUBJECT TO AN ENVIRONMENTAL DISTURBANCE. WE PARAMETERIZE THE MODEL TO ANALYZE THE EFFECT OF HYPOXIA (LOW DISSOLVED OXYGEN) ON THE OPTIMAL HARVEST PATH OF BROWN SHRIMP, A COMMERCIALLY IMPORTANT SPECIES THAT IS FISHED IN HYPOXIC WATERS IN THE GULF OF MEXICO AND IN ESTUARIES IN THE SOUTHEASTERN UNITED STATES. WE FIND THAT HYPOXIA ALTERS THE QUALITATIVE PATTERN OF OPTIMAL HARVEST AND SHIFTS THE SEASON OPENING EARLIER IN THE YEAR: MORE SEVERE HYPOXIA LEADS TO EVEN EARLIER SEASON OPENINGS. FAILURE TO ADAPT TO HYPOXIA LEADS TO GREATER LOSSES WHEN THE EFFECTS OF HYPOXIA ARE MORE SEVERE. HOWEVER, RENT GAINS FROM ADAPTING FISHERY MANAGEMENT TO HYPOXIA ARE RELATIVELY SMALL COMPARED TO RENT LOSSES FROM THE HYPOXIA EFFECT ITSELF. THIS SUGGESTS THAT IT IS CRITICAL FOR OTHER REGULATORY AGENCIES TO CONTROL ESTUARINE POLLUTION, AND FISHERY MANAGERS NEED TO GENERATE VALUE FROM THE FISHERY RESOURCES THROUGH OTHER MEANS SUCH AS RATIONALIZATION. (C) 2010 ELSEVIER B.V. ALL RIGHTS RESERVED.",HUANG L;SMITH MD,2011,ECOLOGICAL ECONOMICS,10.1016/j.ecolecon.2010.11.003,BIOECONOMICS; HYPOXIA; ADAPTIVE POLICY; ECOSYSTEM-BASED MANAGEMENT; GROWTH OVERFISHING; OIL SPILL
PRELIMINARY ASSESSMENT OF PCB RISKS TO HUMAN AND ECOLOGICAL HEALTH IN THE LOWER PASSAIC RIVER,"CONCENTRATIONS OF AROCLOR MIXTURES AND SPECIFIC POLYCHLORINATED BIPHENYL (PCB) CONGENERS WERE MEASURED IN SURFACE SEDIMENTS AND AQUATIC BIOTA (STRIPED BASS FILLET, MUMMICHOG, AND BLUE CRAB MUSCLE AND HEPATOPANCREAS) COLLECTED FROM THE LOWER PASSAIC RIVER. SEVERAL OF THE 47 SURFACE SEDIMENT SAMPLES CONTAINED AROCLOR CONCENTRATIONS THAT EXCEEDED A NATIONAL OCEANIC AND ATMOSPHERIC ADMINISTRATION (NOAA) BENCHMARK LEVEL FOR ''TOTAL PCBS'' (22.7 MU G/KG). EACH OF THE 18 PCB CONGENERS ANALYZED IN AQUATIC BIOTA WAS DETECTED IN ONE OR MORE TISSUE SAMPLES, AND NUMEROUS CONGENERS WERE DETECTED IN EVERY SAMPLE (IUPAC NUMBERS 77, 105, 114, 118, 123, 126, 156, 157, 167, AND 1891. PCB CONGENER CONCENTRATIONS WERE SIMILAR TO THOSE THAT HAVE BEEN REPORTED IN FISH FROM OTHER WATERWAYS THAT CONTAIN ELEVATED LEVELS OF PCBS. CONGENER 118 WAS PRESENT AT THE HIGHEST CONCENTRATION IN ALMOST ALL SAMPLES, AND CONSTITUTED 14-60% OF THE TOTAL PCB MASS (SUM OF ALL CONGENER MASSES) MEASURED IN ANY GIVEN TISSUE SAMPLE. IN SPITE OF THE PREVALENCE OF PCB CONGENERS IN BIOTA TISSUES (UP TO 1314 MU G/KG TOTAL PCBS), AROCLORS WERE NOT DETECTED IN BASS OR CRAB SAMPLES AT A LIMIT OF DETECTION OF 33-55 MU G/KG. THIS ANOMALY MAY BE DUE TO SELECTIVE DEGRADATION OF CERTAIN PCB CONGENERS THAT ARE USED TO ANALYTICALLY RECOGNIZE AND QUANTITATE AROCLORS. USING THE MEASURED SEDIMENT CONCENTRATIONS, A FOOD WEB MODEL ACCURATELY PREDICTED BLUE CRAB MUSCLE CONCENTRATIONS OF INDIVIDUAL PCB CONGENERS (TYPICALLY WITHIN A FACTOR OF TWO) AND WAS ALSO FAIRLY ACCURATE FOR MUMMICHOG (TYPICALLY WITHIN AN ORDER OF MAGNITUDE). CONCENTRATIONS IN STRIPED BASS FILLET WERE UNDERESTIMATED BY FACTORS OF APPROXIMATELY 20-140. INCREASED CANCER RISK ESTIMATES ASSOCIATED WITH FISH AND CRAB CONSUMPTION WERE OBTAINED USING FOUR DIFFERENT METHODS. USING AROCLOR TISSUE CONCENTRATIONS LONE-HALF THE LIMIT OF DETECTION) AND AN AROCLOR SLOPE FACTOR, TOTAL RISKS WERE 2.6 X 10(-6); USING THE ''TOTAL PCBN MEASUREMENTS AND AN AROCLOR SLOPE FACTOR, TOTAL RISKS WERE 1.9 X 10(-5); THE ''PCB-TEQ'' METHOD YIELDED TOTAL RISKS OF 6.5 X 10(-4); AND USEPA'S RECENT SUGGESTED APPROACH FOR EVALUATING ''DIOXIN-LIKE'' AND NON-''DIOXIN-LIKE'' EFFECTS RESULTED IN A TOTAL RISK OF 6.6 X 10(-4). THIS WIDE RANGE IN RISK ESTIMATES INDICATES THAT II II; CRITICAL TO THE RISK MANAGEMENT DECISION-MAKING PROCESS THAT DATA REQUIREMENTS AND RISK ASSESSMENT OBJECTIVES BE CAREFULLY EVALUATED EARLY IN THE INVESTIGATION PROCESS.",FINLEY BL;TROWBRIDGE KR;BURTON S;PROCTOR DM;PANKO JM;PAUSTENBACH DJ,1997,JOURNAL OF TOXICOLOGY AND ENVIRONMENTAL HEALTH,10.1080/009841097159700,NA
WHERE DID THEY NOT GO? CONSIDERATIONS FOR GENERATING PSEUDO-ABSENCES FOR TELEMETRY-BASED HABITAT MODELS,"BACKGROUND HABITAT SUITABILITY MODELS GIVE INSIGHT INTO THE ECOLOGICAL DRIVERS OF SPECIES DISTRIBUTIONS AND ARE INCREASINGLY COMMON IN MANAGEMENT AND CONSERVATION PLANNING. TELEMETRY DATA CAN BE USED IN HABITAT MODELS TO DESCRIBE WHERE ANIMALS WERE PRESENT, HOWEVER THIS REQUIRES THE USE OF PRESENCE-ONLY MODELING APPROACHES OR THE GENERATION OF 'PSEUDO-ABSENCES' TO SIMULATE LOCATIONS WHERE ANIMALS DID NOT GO. TO HIGHLIGHT CONSIDERATIONS FOR GENERATING PSEUDO-ABSENCES FOR TELEMETRY-BASED HABITAT MODELS, WE EXPLORED HOW DIFFERENT METHODS OF PSEUDO-ABSENCE GENERATION AFFECT MODEL PERFORMANCE ACROSS SPECIES' MOVEMENT STRATEGIES, MODEL TYPES, AND ENVIRONMENTS. METHODS WE BUILT HABITAT MODELS FOR MARINE AND TERRESTRIAL CASE STUDIES, NORTHEAST PACIFIC BLUE WHALES (BALAENOPTERA MUSCULUS) AND AFRICAN ELEPHANTS (LOXODONTA AFRICANA). WE TESTED FOUR PSEUDO-ABSENCE GENERATION METHODS COMMONLY USED IN TELEMETRY-BASED HABITAT MODELS: (1) BACKGROUND SAMPLING; (2) SAMPLING WITHIN A BUFFER ZONE AROUND PRESENCE LOCATIONS; (3) CORRELATED RANDOM WALKS BEGINNING AT THE TAG RELEASE LOCATION; (4) REVERSE CORRELATED RANDOM WALKS BEGINNING AT THE LAST TAG LOCATION. HABITAT MODELS WERE BUILT USING GENERALISED LINEAR MIXED MODELS, GENERALISED ADDITIVE MIXED MODELS, AND BOOSTED REGRESSION TREES. RESULTS WE FOUND THAT THE SEPARATION IN ENVIRONMENTAL NICHE SPACE BETWEEN PRESENCES AND PSEUDO-ABSENCES WAS THE SINGLE MOST IMPORTANT DRIVER OF MODEL EXPLANATORY POWER AND PREDICTIVE SKILL. THIS RESULT WAS CONSISTENT ACROSS MARINE AND TERRESTRIAL HABITATS, TWO SPECIES WITH VASTLY DIFFERENT MOVEMENT SYNDROMES, AND THREE DIFFERENT MODEL TYPES. THE BEST-PERFORMING PSEUDO-ABSENCE METHOD DEPENDED ON WHICH CREATED THE GREATEST ENVIRONMENTAL SEPARATION: BACKGROUND SAMPLING FOR BLUE WHALES AND REVERSE CORRELATED RANDOM WALKS FOR ELEPHANTS. HOWEVER, DESPITE THE FACT THAT MODELS WITH GREATER ENVIRONMENTAL SEPARATION PERFORMED BETTER ACCORDING TO TRADITIONAL PREDICTIVE SKILL METRICS, THEY DID NOT ALWAYS PRODUCE BIOLOGICALLY REALISTIC SPATIAL PREDICTIONS RELATIVE TO KNOWN DISTRIBUTIONS. CONCLUSIONS HABITAT MODEL PERFORMANCE MAY BE POSITIVELY BIASED IN CASES WHERE PSEUDO-ABSENCES ARE SAMPLED FROM ENVIRONMENTS THAT ARE DISSIMILAR TO PRESENCES. THIS EMPHASIZES THE NEED TO CAREFULLY CONSIDER SPATIAL EXTENT OF THE SAMPLING DOMAIN AND ENVIRONMENTAL HETEROGENEITY OF PSEUDO-ABSENCE SAMPLES WHEN DEVELOPING HABITAT MODELS, AND HIGHLIGHTS THE IMPORTANCE OF SCRUTINIZING SPATIAL PREDICTIONS TO ENSURE THAT HABITAT MODELS ARE BIOLOGICALLY REALISTIC AND FIT FOR MODELING OBJECTIVES.",HAZEN EL;ABRAHMS B;BRODIE S;CARROLL G;WELCH H;BOGRAD SJ,2021,MOVEMENT ECOLOGY,10.1186/s40462-021-00240-2,NA
A NOVEL MODEL OF PREDATOR-PREY INTERACTIONS REVEALS THE SENSITIVITY OF FORAGE FISH: PISCIVORE FISHERY TRADE-OFFS TO ECOLOGICAL CONDITIONS,"ECOSYSTEM-BASED FISHERIES MANAGEMENT SEEKS TO CONSIDER TRADE-OFFS AMONG MANAGEMENT OBJECTIVES FOR INTERACTING SPECIES, SUCH AS THOSE THAT ARISE THROUGH PREDATOR-PREY LINKAGES. IN PARTICULAR, FISHERIES-TARGETING FORAGE FISH (SMALL AND ABUNDANT PELAGIC FISH) MIGHT HAVE A DETRIMENTAL EFFECT ON FISHERIES-TARGETING PREDATORS THAT CONSUME THEM. HOWEVER, COMPLEXITIES IN ECOLOGICAL INTERACTIONS MIGHT DAMPEN, NEGATE, OR EVEN REVERSE THIS TRADE-OFF, BECAUSE SMALL PELAGIC FISH CAN BE IMPORTANT PREDATORS ON EGG STAGES OF PISCIVOROUS FISH. FURTHER, THE STRENGTH OF THIS TRADE-OFF MIGHT DEPEND ON THE EXTENT TO WHICH PISCIVOROUS FISH TARGETED BY FISHERIES REGULATE FORAGE SPECIES PRODUCTIVITY. HERE, WE DEVELOPED A NOVEL DELAY-DIFFERENTIAL BIOECONOMIC MODEL OF PREDATOR-PREY AND FISHING DYNAMICS TO QUANTIFY HOW MUCH EGG PREDATION OR WEAK TOP-TOWN CONTROL AFFECTS THE STRENGTH OF TRADE-OFF BETWEEN FORAGE AND PISCIVORE FISHERIES, AND TO MEASURE HOW ECOLOGICAL INTERACTIONS DICTATE POLICIES THAT MAXIMIZE STEADY-STATE PROFITS. WE PARAMETERIZED THE MODEL BASED ON ECOLOGICAL AND ECONOMIC DATA FROM THE NORTH SEA ATLANTIC COD (GADUS MORHUA) AND ATLANTIC HERRING (CLUPEA HARENGUS). THE OPTIMAL POLICY WAS VERY SENSITIVE TO THE ECOLOGICAL INTERACTIONS (EITHER EGG PREDATION OR WEAK TOP-DOWN CONTROL OF FORAGE BY PREDATORS) AT RELATIVELY LOW FORAGE PRICES BUT WAS LESS SENSITIVE AT HIGH FORAGE FISH PRICES. HOWEVER, THE OPTIMAL EQUILIBRIUM HARVEST RATES ON FORAGE AND PISCIVORES WERE NOT SUBSTANTIALLY DIFFERENT FROM WHAT MIGHT BE DERIVED THROUGH ANALYSES THAT DID NOT CONSIDER SPECIES INTERACTIONS. APPLYING THE OPTIMAL MULTISPECIES POLICY WOULD PRODUCE SUBSTANTIAL LOSSES (>25%) IN PROFITS IN THE PISCIVORE FISHERY, AND THE EXTENT OF LOSS WAS SENSITIVE TO ECOLOGICAL SCENARIOS. WHILE OUR EQUILIBRIUM ANALYSIS IS INFORMATIVE, A DYNAMIC ANALYSIS UNDER SIMILAR ECOLOGICAL SCENARIOS IS NECESSARY TO REVEAL THE FULL ECONOMIC AND ECOLOGICAL BENEFITS OF APPLYING ECOSYSTEM-BASED FISHERY MANAGEMENT POLICIES TO PREDATOR-PREY FISHERY SYSTEMS.",ESSINGTON TE;BASKETT ML;SANCHIRICO JN;WALTERS C,2015,ICES JOURNAL OF MARINE SCIENCE,10.1093/icesjms/fsu242,BIOECONOMIC MODELLING; ECOSYSTEM-BASED FISHERIES MANAGEMENT; FORAGE FISH; PREDATOR-PREY; TRADE-OFFS
"REBUILDING GLOBAL FISHERIES: THE WORLD SUMMIT GOAL, COSTS AND BENEFITS","MANY OF THE WORLD'S FISH STOCKS ARE DEPLETED AS A RESULT OF OVEREXPLOITATION, POLLUTION AND HABITAT LOSS. THE 2002 WORLD SUMMIT ON SUSTAINABLE DEVELOPMENT (WSSD) SETS A TARGET FOR FISHERIES TO MAINTAIN OR RESTORE STOCKS TO LEVELS THAT CAN PRODUCE THE MAXIMUM SUSTAINABLE YIELD (MSY) BY 2015. WE ASSESSED THE GLOBAL STOCK STATUS AND FOUND THAT 68% WERE AT OR ABOVE THE MSY LEVEL IN 2008 AND THAT THE 2015 TARGET IS UNLIKELY TO BE MET. WE COMPILED DATA FOR EIGHT INDICATORS TO EVALUATE THE SUSTAINABILITY OF FISHERIES AND THE GAP TO MEET THE WSSD TARGET. THESE INDICATORS SHOW THAT THE OVERALL CONDITION OF GLOBAL FISHERIES IS DECLINING, LONG-TERM BENEFITS ARE BEING COMPROMISED, AND PRESSURES ON FISHERIES ARE INCREASING DESPITE FISHERIES POLICY AND MANAGEMENT ACTIONS BEING TAKEN BY COASTAL STATES. WE DEVELOP A BIO-ECONOMIC MODEL TO ESTIMATE THE COSTS AND BENEFITS OF RESTORING OVERFISHED STOCKS. OUR RESULTS SHOW THAT THE GLOBAL FISHING CAPACITY NEEDS TO BE CUT BY 3643% FROM THE 2008 LEVEL, RESULTING IN THE LOSS OF EMPLOYMENT OF 1215 MILLION FISHERS AND COSTING US$96358 BILLION FOR BUYBACKS. ON THE OTHER HAND, MEETING THE WSSD GOAL WILL INCREASE ANNUAL FISHERY PRODUCTION BY 16.5 MILLION TONNES, ANNUAL RENT BY US$32 BILLION AND IMPROVE BIODIVERSITY AND FUNCTIONING OF MARINE ECOSYSTEMS. HOWEVER, PROGRESS TOWARDS REBUILDING HAS BEEN HINDERED BY AN UNWILLINGNESS OR INABILITY TO ACCEPT THE SHORT-TERM SOCIO-ECONOMIC CONSEQUENCES ASSOCIATED WITH REBUILDING FISHERIES. THUS, THERE IS A PRESSING NEED FOR INTEGRATION OF REBUILDING PLANS INTO NATIONAL POLITICAL AND ECONOMIC DECISION-MAKING.",YE YM;COCHRANE K;BIANCHI G;WILLMANN R;MAJKOWSKI J;TANDSTAD M;CAROCCI F,2013,FISH AND FISHERIES,10.1111/j.1467-2979.2012.00460.x,FISHERY OVEREXPLOITATION; MARINE FISHERIES; REBUILDING PLAN; STOCK STATUS; WORLD SUMMIT GOAL
INFLUENCE OF GEOTRACES DATA DISTRIBUTION AND MISFIT FUNCTION CHOICE ON OBJECTIVE PARAMETER RETRIEVAL IN A MARINE ZINC CYCLE MODEL,"BIOGEOCHEMICAL MODEL BEHAVIOUR FOR MICRONUTRIENTS IS TYPICALLY HARD TO CONSTRAIN BECAUSE OF THE SPARSITY OF OBSERVATIONAL DATA, THE DIFFICULTY OF DETERMINING PARAMETERS IN SITU, AND UNCERTAINTIES IN OBSERVATIONS AND MODELS. HERE, WE ASSESS THE INFLUENCE OF DATA DISTRIBUTION, MODEL UNCERTAINTY, AND THE MISFIT FUNCTION ON OBJECTIVE PARAMETER OPTIMISATION IN A MODEL OF THE OCEANIC CYCLE OF ZINC (ZN), AN ESSENTIAL MICRONUTRIENT FOR MARINE PHYTOPLANKTON WITH A LONG WHOLE-OCEAN RESIDENCE TIME. WE AIM TO INVESTIGATE WHETHER OBSERVATIONAL CONSTRAINTS ARE SUFFICIENT FOR RECONSTRUCTION OF BIOGEOCHEMICAL MODEL BEHAVIOUR, GIVEN THAT THE ZN DATA COVERAGE PROVIDED BY THE GEOTRACES INTERMEDIATE DATA PRODUCT 2017 IS SPARSE. FURTHERMORE, WE AIM TO ASSESS HOW OPTIMISATION RESULTS ARE AFFECTED BY THE CHOICE OF THE MISFIT FUNCTION AND BY CONFOUNDING FACTORS SUCH AS ANALYTICAL UNCERTAINTY IN THE DATA OR BIASES IN THE MODEL RELATED TO EITHER SEASONAL VARIABILITY OR THE LARGER-SCALE CIRCULATION. THE MODEL FRAMEWORK APPLIED HEREIN COMBINES A MARINE ZN CYCLING MODEL WITH A STATE-OF-THE-ART ESTIMATION OF DISTRIBUTION ALGORITHM (COVARIANCE MATRIX ADAPTION EVOLUTION STRATEGY, CMA-ES) TO OPTIMISE THE MODEL TOWARDS SYNTHETIC DATA IN AN ENSEMBLE OF 26 OPTIMISATIONS. PROVIDED WITH A TARGET FIELD THAT CAN BE PERFECTLY REPRODUCED BY THE MODEL, OPTIMISATION RETRIEVES PARAMETER VALUES PERFECTLY REGARDLESS OF DATA COVERAGE. AS DIFFERENCES BETWEEN THE MODEL AND THE SYSTEM UNDERLYING THE TARGET FIELD INCREASE, THE CHOICE OF THE MISFIT FUNCTION CAN GREATLY IMPACT OPTIMISATION RESULTS, WHILE LIMITATION OF DATA COVERAGE IS IN MOST CASES OF SUBORDINATE SIGNIFICANCE. IN CASES WHERE OPTIMISATION TO FULL OR LIMITED DATA COVERAGE PRODUCES RELATIVELY DISTINCT MODEL BEHAVIOURS, WE FIND THAT APPLYING A MISFIT METRIC THAT COMPENSATES FOR DIFFERENCES IN DATA COVERAGE BETWEEN OCEAN BASINS CONSIDERABLY IMPROVES AGREEMENT BETWEEN OPTIMISATION RESULTS OBTAINED WITH THE TWO DATA SITUATIONS.",EISENRING C;OLIVER SE;KHATIWALA S;DE SOUZA GF,2022,BIOGEOSCIENCES,10.5194/bg-19-5079-2022,NA
"THE EFFECT OF ABUNDANCE CHANGES ON A MANAGEMENT STRATEGY EVALUATION FOR THE ATLANTIC SURFCLAM (SPISULA SOLIDISSIMA) USING A SPATIALLY EXPLICIT, VESSEL-BASED FISHERIES MODEL","INCREASED BOTTOM WATER TEMPERATURES HAVE CAUSED A RELOCATION AND CONTRACTION OF THE RANGE OF THE ATLANTIC SURFCLAM, SPISULA SOLIDISSIMA, IN THE MID-ATLANTIC BIGHT (MAB). CONSEQUENCES INCLUDE DECLINING STOCK ABUNDANCE AND LANDINGS PER UNIT EFFORT (LPUE) IN SOUTHERN PORTIONS OF THE RANGE. A MANAGEMENT STRATEGY EVALUATION (MSE) ASSESSED THE POTENTIAL OF ROTATIONAL CLOSURES TO IMPROVE SURFCLAM PRODUCTIVITY AND FISHERY VIABILITY UNDER THREE LEVELS OF ABUNDANCE. IN SIMULATIONS, FISHING VESSELS HARVEST THE STOCK UNDER PERFORMANCE AND QUOTA CONSTRAINTS AND CAPTAIN BEHAVIORAL PROCLIVITIES. MANAGEMENT ALTERNATIVES EXAMINED INCLUDED THE ADDITION OF AREA MANAGE. MENT TO THE CURRENT MANAGEMENT PLAN USING TWO CLOSURE LOCATION RULES AND THREE CLOSURE DURATIONS AT TWO LEVELS OF INCIDENTAL MORTALITY. SIMULATIONS SHOWED THAT AREA MANAGEMENT INCREASED STOCK ABUNDANCE AND FISHERY LPUE, PARTICULARLY WHEN SURFCLAM ABUNDANCE WAS LOW. SIMULATIONS SUGGEST AREA MANAGEMENT COULD HELP INSULATE THE STOCK AND COMMERCIAL FISHERY FROM FURTHER SHIFTS IN RANGE.",KUYKENDALL KM;POWELL EN;KLINCK JM;MORENO PT;LEAF RT,2019,OCEAN & COASTAL MANAGEMENT,10.1016/j.ocecoaman.2018.11.008,AREA CLOSURES; BEHAVIORAL CHOICE; FISHERY MODEL; INDIVIDUAL-BASED MODEL; CLIMATE CHANGE; FISHERY PERFORMANCE
"BIOECONOMIC MODELLING OF COASTAL COD AND KELP FOREST INTERACTIONS: CO-BENEFITS OF HABITAT SERVICES, FISHERIES AND CARBON SINKS","ECOSYSTEM-BASED FISHERIES MANAGEMENT SEEKS TO EXPAND UPON THE TRADITIONAL ONE-STOCK FISHERIES MANAGEMENT MEASURES BY INTERNALIZING THE EFFECTS OF FISHING ON MARINE ECOSYSTEMS, AND ACCOUNTING FOR BIOLOGICAL INTERACTIONS AMONG MARINE RESOURCES. THE FACT THAT MARINE RESOURCES PROVIDE MULTIPLE, OFTEN COMPETING BENEFITS, MAKES THE ACCOMPLISHMENT OF THESE ECOSYSTEM-BASED FISHERIES MANAGEMENT OBJECTIVES HIGHLY COMPLEX. IN THIS PAPER, WE DEVELOP A DYNAMIC BIOECONOMIC MODEL TO ANALYZE THE ECOLOGICAL AND ECONOMIC INTERACTIONS BETWEEN FISHERIES AND RENEWABLE HABITAT WHERE THE HABITAT PROVIDES MULTIPLE ECOSYSTEM SERVICES. SPECIFICALLY, A SINGLE RESOURCE MANAGER SEEKS TO MAXIMIZE CO-BENEFITS OF FISHERY-HABITAT INTERACTIONS WHEN THE HABITAT IS AN EXPLOITABLE MARINE RESOURCE, BUT ALSO A DWELLING PLACE FOR COMMERCIAL FISH, ENHANCING THE GROWTH OF THE FISH STOCK AND PROVIDING REGULATING ECOSYSTEM SERVICES IN THE FORM OF CARBON SINK FOR CLIMATE CHANGE MITIGATION. THE OPTIMAL MANAGEMENT RULES FOR BOTH FISHERY AND HABITAT ARE DERIVED AND DISCUSSED. WE ALSO PRESENT AN APPLICATION OF THE MODEL TO ANALYZE AN INTEGRATED MANAGEMENT OF COASTAL COD AND KELP FORESTS IN NORWAY, WHERE REGULATIONS ON COMMERCIAL HARVESTING OF KELP FORESTS SEEK TO PROTECT FISHERIES. BOTH THE THEORETICAL MODEL AND THE NORWEGIAN APPLICATION SUGGEST SUBSTANTIAL POTENTIAL INCREASES FOR BOTH COASTAL COD AND KELP FOREST STOCKS, WITH AN ATTENDANT 8% INCREASE IN COD HARVESTS, AND ABOUT 1% REDUCTION IN KELP HARVESTS. IN ADDITION, AN OPTIMAL MANAGEMENT REGIME THAT INTERNALIZES CARBON SINK CO-BENEFITS OF KELP FORESTS STORES ADDITIONAL 300,000 TONNES OF CARBON.",VONDOLIA GK;CHEN WT;ARMSTRONG CW;NORLING MD,2020,ENVIRONMENTAL & RESOURCE ECONOMICS,10.1007/s10640-019-00387-y,HABITAT; FISHERIES; CARBON SINK; OPTIMAL MANAGEMENT; MULTIPLE BENEFIT STREAM
ECOSYSTEM EFFECTS OF FISHING & EL NINO AT THE GALAPAGOS MARINE RESERVE,"THE GALAPAGOS ARCHIPELAGO IS HOME TO A DIVERSE RANGE OF MARINE BIOREGIONS DUE TO THE CONFLUENCE OF SEVERAL COLD AND WARM WATER CURRENTS, RESULTING IN SOME OF THE MOST PRODUCTIVE TROPICAL MARINE ECOSYSTEMS IN THE WORLD. THESE ECOSYSTEMS ARE STRONGLY INFLUENCED BY EL NINO EVENTS WHICH CAN REDUCE PRIMARY PRODUCTION BY AN ORDER OF MAGNITUDE, DRAMATICALLY REDUCING ENERGY AVAILABLE THROUGHOUT THE FOOD WEB. FISHERIES ARE AN IMPORTANT COMPONENT OF THE LOCAL ECONOMY, ALTHOUGH ARTISANAL AND ILLEGAL OVERFISHING HAVE DRAMATICALLY REDUCED THE PRODUCTIVITY OF INVERTEBRATE AND FINFISH RESOURCES IN RECENT DECADES, RESULTING IN REDUCTIONS IN CATCHES FOR LOCAL FISHERS. THE REGIONALLY-ENDEMIC SAILFIN GROUPER (MYCTEREOPERCA OLFAX), LOCALLY KNOWN AS BACALAO, WAS ONCE THE MOST IMPORTANT FISHED SPECIES IN THE GALAPAGOS, BUT IS NOW LISTED AS VULNERABLE BY THE IUCN DUE TO ITS LIMITED RANGE AND DRAMATIC DECLINES IN CATCH OVER TIME. IT IS UNKNOWN HOW REDUCTION OF THIS PREDATORY SPECIES HAS AFFECTED ECOSYSTEM STRUCTURE AND FUNCTION. IN THE ABSENCE OF STOCK ASSESSMENTS, WE USED AN ESTIMATE OF UNFISHED BACALAO BIOMASS FROM FISHERS' ECOLOGICAL KNOWLEDGE ALONG WITH UNFISHED BIOMASS ESTIMATES OF OTHER HEAVILY EXPLOITED STOCKS-LOBSTER (PANULIRUS PENICILLATUS AND P. GRACILIS) AND SEA CUCUMBER (ISOSTICHOPUS FUSCUS)-TO CREATE HISTORICAL, UNFISHED VERSIONS OF EXISTING MODERN DAY ECOSYSTEM MODELS. WE USED THE UNFISHED AND MODERN VERSIONS OF THE ECOSYSTEM MODELS TO TEST THE ECOSYSTEM EFFECTS OF BACALAO EXPLOITATION AT THE BOLIVAR CHANNEL, LOCATED IN THE COLD, WEST UPWELLING BIOREGION OF THE ARCHIPELAGO DURING BOTH EL NINO AND NON EL NINO YEARS, AND AT FLOREANA ISLAND, IN THE WARMER, CENTRAL BIOREGION. FISHERS' ECOLOGICAL KNOWLEDGE INDICATES THAT AT PRESENT, THE BIOMASS OF BACALAO IS AT LEAST SEVEN TIMES LOWER THAN WHEN UNFISHED. THIS REDUCED BACALAO BIOMASS IS LINKED WITH A GREATLY REDUCED ECOSYSTEM ROLE COMPARED TO WHEN UNFISHED, AND ECOSYSTEM ROLE IS FURTHER REDUCED IN EL NINO YEARS. ALLOWING BACALAO POPULATIONS TO REBUILD TO AT LEAST HALF OF UNFISHED BIOMASS WOULD PARTIALLY RESTORE THEIR ROLE WITHIN THESE ECOSYSTEMS, WHILE ALSO RESULTING IN GREATER FISHERIES CATCHES. COMPARING ECOSYSTEM IMPACTS CAUSED BY FISHING AND EL NINO, FISHING HAS HAD A GREATER NEGATIVE IMPACT ON BACALAO ECOSYSTEM ROLE THAN REGULAR EL NINO EVENTS.",EDDY TD;FRIEDLANDER AM;DE LEÓN PS,2019,PEERJ,10.7717/peerj.6878,ECOPATH WITH ECOSIM; ECOSYSTEM-BASED FISHERIES MANAGEMENT; MYCTEREOPERCA OLFAX; FISHERS' ECOLOGICAL KNOWLEDGE; KEYSTONE SPECIES; GROUPER
A REMOTE SENSING MODEL FOR CORAL RECRUITMENT HABITAT,"1. THERE IS AN INCREASED NEED FOR HABITAT MODELS OF CORAL REEFS TO AID ACTIVE INTERVENTIONS AND RESTORATION EFFORTS RATHER THAN JUST MAP REEF HABITAT EXTENT. HABITAT MODELS PROVIDE THE BASE LAYER FOR CONNECTIVITY ESTIMATES AMONG CORAL POPULATIONS, TO IDENTIFY SITES WITH LIKELY INCREASED CORAL SURVIVAL AND REDUCED PROJECT COSTS. WE PRESENT A SPATIAL MODELLING METHOD TO BETTER IDENTIFY CORAL REEF HABITATS FOR CORAL RECRUITMENT AND SURVIVAL. 2. WE DEMONSTRATE THESE METHODS FOR AN OFFSHORE REEF CLUSTER IN NORTH WESTERN AUSTRALIA THAT HAS LOST LIVE CORAL AS A RESULT OF SUCCESSIVE BLEACHING EVENTS. THIS ISOLATED SET OF REEFS HAS HIGH LEVELS OF CORAL SELF-RECRUITMENT, WHICH MAKES THEM A GOOD TEST FOR METHODS THAT UNDERPIN SPATIAL OPTIMISATION OF CORAL RESTORATION LOCATIONS. 3. OUR METHOD USES SATELLITE DERIVED, MULTISCALE DEPTH AND RUGOSITY METRICS TO MODEL HABITAT CLASSES, AND APPLIES RANDOMFOREST CROSS-VALIDATED VARIABLE IMPORTANCE TO OPTIMALLY SELECT A SUBSET OF THESE METRICS THAT BEST MODEL EACH HABITAT. OUR APPROACH PRODUCES IMPROVED MODELS COMPARED TO EXISTING OBJECT-BASED SEGMENTATION METHODS BY OVERCOMING A BIAS TOWARD LARGER SINGLE-SCALE HOMOGENOUS REEF FEATURES. 4. OUR METHOD PRODUCES ROBUST MODELS OF TARGET REEF RECRUITMENT HABITATS WITH ENCRUSTING AND JUVENILE CORALS WITH CRUSTOSE CORALLINE ALGAE BUT ALSO MODELS OF HABITATS THAT ARE NOT DESIRABLE AS RECRUITMENT HABITAT SUCH AS TURF ALGAE, SAND, AND RUBBLE. ALL THESE MODELS MEET OR EXCEED ACCEPTED ACCURACY BENCHMARKS (ACCURACY AND AUC VALUES >0.8 ON BLIND HOLD-OUT DATA USED FOR VALIDATION AND KAPPA VALUES >0.6). 5. THESE MODELS ARE SPECIFICALLY DESIGNED TO SUPPORT CORAL RESTORATION INCLUDING PRIME CORAL RECRUITMENT HABITATS WITH A MIXTURE OF CRUSTOSE CORALLINE ENCRUSTING AND JUVENILE CORALS. 6. WE DEMONSTRATE HOW SPATIALLY EXPLICIT MODEL VALIDATION CAN IDENTIFY LOCATIONS WITHIN THE TARGET AREA WHERE MODELS ARE MOST AND LEAST SUPPORTED, PROVIDING VALUABLE ADDITIONAL INSIGHTS INTO PLANNING TARGETED SURVEY EFFORTS TO REDUCE SPATIAL UNCERTAINTY, AND TARGETED RESTORATION INTERVENTIONS THAT HAVE THE HIGHEST PROBABILITY OF SUCCESS. 7. OUR METHOD HAS BROAD UTILITY DUE TO THE WIDELY AND FREELY AVAILABLE SENTINEL 2 REMOTE SENSING DATA COVER FOR MOST REEF SYSTEMS GLOBALLY, AND FIELD DATA COLLECTED WITH A SIMPLE DROP CAMERA SYSTEM AND CLASSIFIED WITH VIA THE REEFCLOUD OPEN ACCESS IMAGE CLASSIFICATION SYSTEM. IT ALSO HAS POTENTIAL FOR ADAPTION AND REFINEMENT USING OTHER FINER SCALE COMMERCIAL REMOTE SENSING SATELLITE DATA THAT CAN BE USED TO DRIVE DIGITAL ELEVATION MODELS INCLUDING PLANET LABS SKYSAT AND WORLDVIEW 3 DATA.",RADFORD B;PUOTINEN M;SAHIN D;BOUTROS N;WYATT M;GILMOUR J,2024,REMOTE SENSING OF ENVIRONMENT,10.1016/j.rse.2024.114231,REMOTE SENSING; CORAL REEF; CORAL RECRUITMENT; MACHINE LEARNING; ENSEMBLE METHODS; RESTORATION
IS SIZE-DEPENDENT PRICING PREVALENT IN FISHERIES? THE CASE OF NORWEGIAN DEMERSAL AND PELAGIC FISHERIES,"IT IS COMMONLY ACKNOWLEDGED THAT BODY WEIGHT OF FISH IS A KEY FACTOR IN DETERMINING MARKET VALUE OF LANDED CATCH, THUS INFLUENCING OPTIMAL HARVEST STRATEGIES. HOWEVER, IN MANAGEMENT STRATEGY EVALUATIONS AND BIOECONOMIC MODELLING, BODY SIZE IS OFTEN AN OVERLOOKED ECONOMIC PARAMETER, AND THERE ARE NO SYSTEMATIC STUDIES ON THE PREVALENCE OF SIZE-DEPENDENT PRICING. HERE WE ASSESS THE PRESENCE AND MAGNITUDE OF SIZE-DEPENDENT PRICING IN EX-VESSEL PRICES OF FISH IN NORWEGIAN FISHERIES. THE DATA ENCOMPASS LANDINGS OF FOUR PELAGIC AND FOUR DEMERSAL STOCKS IN NORWAY IN 2000-2010. LINEAR MIXED MODELS AND GENERALIZED ADDITIVE MODELS WERE USED TO DETERMINE THE DEPENDENCE OF UNIT PRICE ON WEIGHT CLASS AS WELL AS ON TOTAL YIELD AND TIME (YEAR). THE RESULTS SHOW A SIGNIFICANT POSITIVE RELATIONSHIP BETWEEN WEIGHT CLASS AND PRICE FOR SEVEN OUT OF THE EIGHT EXAMINED FISH STOCKS. THE RELATIVE EFFECT OF BODY WEIGHT ON PRICE WAS THE STRONGEST FOR COD, GREENLAND HALIBUT, NORWEGIAN SPRING-SPAWNING HERRING AND MACKEREL, LESSER FOR NORTH SEA HERRING AND SAITHE, AND NEGLIGIBLE FOR HORSE MACKEREL. THESE FINDINGS DEMONSTRATE THAT SIZE-DEPENDENT PRICING IS COMMON IN NORWEGIAN FISHERIES, AND IS THEREFORE OF HIGH RELEVANCE FOR RESOURCE ECONOMICS AND FISHERIES MANAGEMENT.",ZIMMERMANN F;HEINO M,2013,ICES JOURNAL OF MARINE SCIENCE,10.1093/icesjms/fst121,MAXIMUM ECONOMIC YIELD; NORWEGIAN FISHERIES; PRICE STRUCTURES; SIZE-DEPENDENT PRICING
FOOD WEB MODELING OF THE SOUTHEASTERN GALAPAGOS SHELF ECOSYSTEM,"THE GALAPAGOS MARINE RESERVE IS ONE OF THE LARGEST MARINE PROTECTED AREAS IN THE WORLD, HOSTING A HIGH SPECIES DIVERSITY AND ENDEMISM AND SUPPORTING ECONOMICALLY IMPORTANT ARTISANAL FISHERIES FOR LOCAL PEOPLE AND TOURISTS. TO ENSURE PROPER MANAGEMENT AND CONSERVATION OF SPECIES IN AN ECOSYSTEM IS NECESSARY TO DETERMINE THE SPECIES' CONTRIBUTIONS TO ECOSYSTEM FUNCTIONS AND ORGANIZATION. WE CHARACTERIZED THE STRUCTURE AND FUNCTIONING OF THE SOUTHEASTERN GALAPAGOS ARCHIPELAGO SHELF ECOSYSTEM BY BUILDING A MASS BALANCED ECOPATH MODEL REPRESENTING THE PERIOD 2001-2004. THE MODEL CONSIDERED 72 FUNCTIONAL GROUPS, EMPHASIZING ENDEMIC OR THREATENED SPECIES (EOTS), COMMERCIAL SPECIES AND SEVEN FISHING FLEETS. VARIOUS ECOLOGICAL NETWORK ANALYSIS INDICATORS WERE USED TO DETERMINE THE STATUS OF THE ECOSYSTEM. STRUCTURAL AND FLOW-BASED INDICES, TROPHIC INTERACTIONS AMONG GROUPS AND KEYSTONE SPECIES INDICES WERE USED TO DETERMINE THE ECOLOGICAL ROLE OF THE SPECIES, WHILE FISHING PRESSURE INDICATORS WERE ANALYZED TO DETERMINE THE SUSTAINABILITY OF THE FISHERIES. THE RESULTS INDICATE THE ECOSYSTEM HAS A MIDDLE DEVELOPING LEVEL, IS STABLE AND RESILIENT. MARINE MAMMALS, SHARKS, BIRDS AND FISH WITH HIGH TROPHIC LEVEL (TLS) PLAY ROLES IN MAINTAINING THE ORDER OF THE ECOSYSTEM AND ITS RESILIENCE. AMONG THESE GROUPS HIGHLIGHT SEVERAL EOTS (E.G., THE GALAPAGOS SEA LION), AND SOME SPECIES OF COMMERCIAL VALUE (E.G., THE GALAPAGOS SAILFIN GROUPER). EOTS AND COMMERCIAL SPECIES ARE IMPORTANT CONTRIBUTORS TO THE ECOSYSTEM STRUCTURE, BUT THOSE WITH A LOWER TL CONTRIBUTE THE MOST TO THE ENERGY TRANSFER. THESE FINDINGS SUGGEST THAT CERTAIN COMMERCIAL SPECIES DESERVE MORE PROTECTION AS THEY CONTRIBUTE IN A SIMILAR WAY AS EOTS TO IMPORTANT ECOSYSTEM FUNCTIONS. CONTRARY TO WHAT WAS EXPECTED, THE RESULTS SUGGEST THE FISHING ACTIVITIES PRODUCE MODERATE IMPACTS, MAINLY ON FISHERIES TARGET SPECIES, BUT WITHOUT SIGNIFICANTLY AFFECTING THE ECOSYSTEM FUNCTIONS. HOWEVER, FURTHER STUDIES ARE RECOMMENDED TO REINFORCE THESE FINDINGS. THIS MODEL PROVIDES INFORMATION USEFUL FOR THE DESIGN OF MANAGEMENT STRATEGIES THAT BALANCE THE CONSERVATION AND EXPLOITATION OF THE GALAPAGOS MARINE RESOURCES.",RIOFRÍO-LAZO M;RECK G;PÁEZ-ROSAS D;ZETINA-REJÓN MJ;DEL MONTE-LUNA P;REYES H;MURILLO-POSADA JC;HERNÁNDEZ-PADILLA JC;ARREGUÍN-SÁNCHEZ F,2021,ECOLOGICAL INDICATORS,10.1016/j.ecolind.2021.108270,FOOD-WEB MODEL; GALAPAGOS ISLANDS; ECOSYSTEM FUNCTIONING; ECOLOGICAL ROLE; SUSTAINABILITY OF FISHERIES
ADVANCING RESEARCH IN MARINE FUNCTIONAL CONNECTIVITY FOR IMPROVED POLICY AND MANAGEMENT,"MARINE FUNCTIONAL CONNECTIVITY (MFC) REFERS TO THE DYNAMIC SPATIAL EXCHANGE OF BIOMASS, INDIVIDUALS, GENES, AND ENERGY VIA THE COLLECTIVE MOVEMENTS OF ALL MARINE ORGANISMS DURING THEIR LIFETIMES. IN ADDITION TO CONTROLLING THE DISTRIBUTION AND RESILIENCE OF MARINE BIODIVERSITY AND EXPLOITED STOCKS, MFC PLAYS A KEY ROLE IN THE STRUCTURE AND FUNCTIONING OF ECOSYSTEMS, AT SEA AND AT THE LAND-SEA INTERFACE. AS MARINE ECOSYSTEMS AND THEIR SPECIES FACE CLIMATE CHANGE AND UNPRECEDENTED MULTIPLE ANTHROPOGENIC PRESSURES, RAPID ACTION IS NEEDED TO COMPREHEND MFC PATTERNS AND THEIR CHANGES IN ORDER TO ANTICIPATE THE FATES OF OCEAN SERVICES TO HUMANITY. DESPITE MANY ADVANCES IN TECHNIQUES TO MEASURE OR INFER MARINE SPECIES' DISTRIBUTIONS AND SPATIAL DYNAMICS, SIGNIFICANT PROGRESS IS STILL NECESSARY. A FULL UNDERSTANDING OF MFC REQUIRES BETTER KNOWLEDGE OF THE RELATIONSHIPS BETWEEN MARINE COMMUNITIES AND THEIR HABITATS, QUANTIFICATION OF FLUXES OF MATTER AND ENERGY, AND THE CAPACITY TO FORECAST HOW THE MANY SERVICES PROVIDED BY THE OCEAN MAY CHANGE. THE 17 PAPERS IN THIS THEME SECTION SHOWCASE THE RANGE OF APPROACHES AND SCALES APPLIED IN CONTEMPORARY MFC STUDIES AND ENCOMPASS THE DIVERSITY OF ECOSYSTEMS AND TAXA INVESTIGATED WORLDWIDE. THE INNOVATIVE APPROACHES PRESENTED HERE TO ADVANCE MFC SCIENCE PAVE THE WAY TO ENRICH CURRENT UNDERSTANDING OF MFC'S ROLE IN ECOSYSTEM FUNCTIONING, AND FLAG HOW MFC KNOWLEDGE CAN BE BETTER APPLIED TO PROTECT MARINE RESOURCES AND MANAGE MARINE AND LITTORAL HABITATS.",DARNAUDE AM;TANNER SE;HUNTER E;COSTANTINI F,2024,MARINE ECOLOGY PROGRESS SERIES,10.3354/meps14550,MARINE BIODIVERSITY; MOVEMENT ECOLOGY; DISPERSAL; ECOSYSTEM MODELING; MARINE MANAGEMENT; FISHERIES MANAGEMENT; BIODIVERSITY CONSERVATION
"DISTRIBUTION MODELS OF DEEP-SEA ELASMOBRANCHS IN THE AZORES, MID-ATLANTIC RIDGE, TO INFORM SPATIAL PLANNING","ELASMOBRANCHS INHABITING DEPTHS BEYOND 200 M ARE EXTREMELY SUSCEPTIBLE TO OVEREXPLOITATION BUT ARE EXTRACTED BY FISHERIES AROUND THE WORLD EITHER AS TARGET SPECIES OR AS BYCATCH. THERE IS LITTLE INFORMATION AVAILABLE TO FORMULATE MANAGEMENT STRATEGIES TO REDUCE ELASMOBRANCH-FISHERY INTERACTIONS IN THE DEEP SEA. IN EUROPEAN UNION WATERS, PROHIBITING THE CATCHES OF DEEP-SEA ELASMOBRANCHS HAS PROVIDED THE NECESSARY IMPETUS TO STUDY BYCATCH AVOIDANCE OF THESE THREATENED SPECIES. WE USED OVER 20 YEARS OF FISHERIES-INDEPENDENT AND FISHERIES-DEPENDENT DATA TO MODEL THE SPATIAL DISTRIBUTION OF 15 SPECIES OF DEEP-SEA ELASMOBRANCHS (12 SHARKS AND 3 RAYS) CAPTURED FREQUENTLY IN THE EXCLUSIVE ECONOMIC ZONE OF THE AZORES ARCHIPELAGO (MID-ATLANTIC RIDGE) TO EXPLORE SPATIAL MANAGEMENT TO REDUCE UNWANTED CATCHES OF THESE SPECIES. WE APPLIED GENERALISED ADDITIVE MODELS TO PREDICT THE PROBABILITY OF PRESENCE OF 15 SPECIES, AS WELL AS THE ABUNDANCE OF 6 OF THOSE SPECIES, WITHIN THE AZORES EEZ AND NEIGHBOURING SEAMOUNTS (UP TO 2000 M DEPTH), USING ENVIRONMENTAL AND OPERATIONAL VARIABLES AS PREDICTORS. OUR RESULTS IDENTIFIED THAT DEPTH IS MOST INFLUENTIAL IN DETERMINING THE DISTRIBUTION OF THESE SHARKS AND RAYS, IN ADDITION TO SEAFLOOR TOPOGRAPHY. DISTINCTIVE BATHYMETRIC FEATURES SUCH AS SEAMOUNTS AND RIDGES WERE HIGHLIGHTED AS AREAS WHERE THE PROBABILITY OF PRESENCE OF THE GREATEST NUMBER OF SPECIES OVERLAPPED. ALTHOUGH NOT RELATED TO HABITAT, GEAR TYPE INFLUENCED THE CAPTURE PROBABILITY OF CERTAIN SPECIES, WITH THE ARTISANAL HANDLINE, GORAZEIRA, HAVING LOWER CAPTURES THAN BOTTOM LONGLINE. OUR RESULTS SUPPORT USING DEPTH-BASED, AREA-BASED, AND GEAR-BASED TACTICS TO DESIGN MANAGEMENT MEASURES TO REDUCE ELASMOBRANCH BYCATCH, FOR MORE SUSTAINABLE DEEP-SEA FISHERIES.",DAS D;GONZALEZ-IRUSTA JM;MORATO T;FAUCONNET L;CATARINO D;AFONSO P;VIEGAS C;RODRIGUES L;MENEZES G;ROSA A;PINHO MRR;DA SILVA HM;GIACOMELLO E,2022,DEEP-SEA RESEARCH PART I-OCEANOGRAPHIC RESEARCH PAPERS,10.1016/j.dsr.2022.103707,THREATENED SPECIES; GENERALISED ADDITIVE MODELS; DELTA GAMS; DEEP-SEA FISHERIES; FISHERIES MANAGEMENT; AZORES ARCHIPELAGO; NORTH ATLANTIC OCEAN
ECOSYSTEM TROPHIC STRUCTURE AND FISHING EFFORT SIMULATIONS OF A MAJOR FISHING GROUND IN THE NORTHEASTERN MEDITERRANEAN SEA (THERMAIKOS GULF),"ECOSYSTEM MODELLING CONSTITUTES A USEFUL TOOL FOR THE ECOSYSTEM APPROACH TO FISHERIES MANAGEMENT, WHICH DEMANDS A SHIFT TO MORE COMPLEX MODELS THAT INCLUDE MULTI-SPECIES TROPHIC INTERACTIONS, ENVIRONMENTAL AND ANTHROPOGENIC FORCING. THE THERMAIKOS GULF IS A SHALLOW GULF IN THE NORTHWESTERN AEGEAN SEA (GREECE) AND ONE OF THE MAJOR FISHING GROUNDS OF THE NORTHEASTERN MEDITERRANEAN CONCENTRATING HIGH FISHING EFFORT OF TRAWLERS AND PURSE-SEINERS AND PRODUCING MORE THAN 20% OF THE TOTAL GREEK CATCHES. IN THE PRESENT WORK, WE DEVELOPED AN ECOPATH BASE MODEL AND RAN ECOSIM SIMULATIONS FOR 26 YEARS (2000-2025), INCLUDING THE CALIBRATION PERIOD (2000-2016), AIMING TO DESCRIBE THE FOOD WEB STRUCTURE AND FUNCTION OF THE THERMAIKOS GULF, IDENTIFY MAIN COMPONENTS AND INTERACTIONS AMONG THE 33 FUNCTIONAL GROUPS, ASSESS THE ECOSYSTEM IMPACTS OF FISHING OVER TIME, AND COMPARE ECOSYSTEM PROPERTIES WITH OTHER MEDITERRANEAN AREAS. OVERALL ECOSYSTEM DEGRADATION WITH BIOMASS AND CATCH DECLINE WAS OBSERVED AT THE END OF THE CALIBRATION PERIOD DUE TO THE IMPACT OF ENVIRONMENTAL FACTORS AND FISHING ACTIVITIES. THE ECOSYSTEM SEEMED TO STABILIZE IN AN INTERMEDIATE STATE BY THE END OF THE PROJECTION YEARS, BUT WITH AN OVERALL BIOMASS AND CATCH DECLINE. FISHING EFFORT REDUCTION AFTER 2016 RESULTED IN HIGHER BIOMASS AND CATCHES COMPARED TO 2014-2015, THAT COULD NOT HOWEVER REACH THE 2000 LEVELS IN MOST CASES. THE EXAMINED FISHING EFFORT REDUCTION SCENARIOS CLEARLY SHOWED THAT THE MORE THE FISHING EFFORT IS REDUCED, THE HIGHER THE BIOMASS IN THE ECOSYSTEM AND THE LOWER THE CATCHES OBTAINED COMPARED TO THE BASELINE SCENARIO. IN A NUTSHELL, SINCE ENVIRONMENTAL DRIVERS MAY BE HARDER TO PREDICT OR CONTROL, LOWERING THE EXPLOITATION LEVELS IS AN IMPORTANT STEP TOWARDS THE REBUILDING OF OVERFISHED MARINE RESOURCES AND MORE RESILIENT ECOSYSTEMS.",DIMARCHOPOULOU D;TSAGARAKIS K;SYLAIOS G;TSIKLIRAS AC,2022,ESTUARINE COASTAL AND SHELF SCIENCE,10.1016/j.ecss.2021.107667,WHOLE-ECOSYSTEM MODEL; ENVIRONMENTAL EFFECTS; FISHING IMPACTS; ECOSYSTEM INDICATORS; AEGEAN SEA
DEMONSTRATION OF A FULLY-COUPLED END-TO-END MODEL FOR SMALL PELAGIC FISH USING SARDINE AND ANCHOVY IN THE CALIFORNIA CURRENT,"WE DESCRIBE AND DOCUMENT AN END-TO-END MODEL OF ANCHOVY AND SARDINE POPULATION DYNAMICS IN THE CALIFORNIA CURRENT AS A PROOF OF PRINCIPLE THAT SUCH COUPLED MODELS CAN BE DEVELOPED AND IMPLEMENTED. THE END-TO-END MODEL IS 3-DIMENSIONAL, TIME-VARYING, AND MULTISPECIES, AND CONSISTS OF FOUR COUPLED SUB-MODELS: HYDRODYNAMICS, EULERIAN NUTRIENT-PHYTOPLANKTON-ZOOPLANKTON (NPZ), AN INDIVIDUAL-BASED FULL LIFE CYCLE ANCHOVY AND SARDINE SUBMODEL, AND AN AGENT-BASED FISHING FLEET SUBMODEL. A PREDATOR ROUGHLY MIMICKING ALBACORE WAS INCLUDED AS INDIVIDUALS THAT CONSUMED ANCHOVY AND SARDINE. ALL SUBMODELS WERE CODED WITHIN THE ROMS OPEN-SOURCE COMMUNITY MODEL, AND USED THE SAME RESOLUTION SPATIAL GRID AND WERE ALL SOLVED SIMULTANEOUSLY TO ALLOW FOR POSSIBLE FEEDBACKS AMONG THE SUBMODELS. WE USED A SUPER-INDIVIDUAL APPROACH AND SOLVED THE COUPLED MODELS ON A DISTRIBUTED MEMORY PARALLEL COMPUTER, BOTH OF WHICH CREATED CHALLENGING BUT RESOLVABLE BOOKKEEPING CHALLENGES. THE ANCHOVY AND SARDINE GROWTH, MORTALITY, REPRODUCTION, AND MOVEMENT, AND THE FISHING FLEET SUBMODEL, WERE EACH CALIBRATED USING SIMPLIFIED GRIDS BEFORE BEING INSERTED INTO THE FULL END-TO-END MODEL. AN HISTORICAL SIMULATION OF 1959-2008 WAS PERFORMED, AND THE LATTER 45 YEARS ANALYZED. SEA SURFACE HEIGHT (SSH) AND SEA SURFACE TEMPERATURE (SST) FOR THE HISTORICAL SIMULATION SHOWED STRONG HORIZONTAL GRADIENTS AND MULTI-YEAR SCALE TEMPORAL OSCILLATIONS RELATED TO VARIOUS CLIMATE INDICES (PDO, NPGO), AND BOTH SHOWED RESPONSES TO ENSO VARIABILITY. SIMULATED TOTAL PHYTOPLANKTON WAS LOWER DURING STRONG EL NINO EVENTS AND HIGHER FOR THE STRONG 1999 LA NINA EVENT. THE THREE ZOOPLANKTON GROUPS GENERALLY CORRESPONDED TO THE SPATIAL AND TEMPORAL VARIATION IN SIMULATED TOTAL PHYTOPLANKTON. SIMULATED BIOMASSES OF ANCHOVY AND SARDINE WERE WITHIN THE HISTORICAL RANGE OF OBSERVED BIOMASSES BUT PREDICTED BIOMASSES SHOWED MUCH LESS INTER-ANNUAL VARIATION. ANOMALIES OF ANNUAL BIOMASSES OF ANCHOVY AND SARDINE SHOWED A SWITCH IN THE MID-1990S FROM ANCHOVY TO SARDINE DOMINANCE. SIMULATED AVERAGED WEIGHTS- AND LENGTHS-AT-AGE DID NOT VARY MUCH ACROSS DECADES, AND MOVEMENT PATTERNS SHOWED ANCHOVY LOCATED CLOSE TO THE COAST WHILE SARDINE WERE MORE DISPERSED AND FARTHER OFFSHORE. ALBACORE PREDATION ON ANCHOVY AND SARDINE WAS CONCENTRATED NEAR THE COAST IN TWO POCKETS NEAR THE MONTEREY BAY AREA AND EQUATORWARD OF CAPE MENDOCINO. PREDATION MORTALITY FROM FISHING BOATS WAS CONCENTRATED WHERE SARDINE AGE-1 AND OLDER INDIVIDUALS WERE LOCATED CLOSE TO ONE OF THE FIVE PORTS. WE DEMONSTRATED THAT IT IS FEASIBLE TO PERFORM MULTI-DECADAL SIMULATIONS OF A FULLY-COUPLED END-TO-END MODEL, AND THAT THIS CAN BE DONE FOR A MODEL THAT FOLLOWS INDIVIDUAL FISH AND BOATS ON THE SAME 3-DIMENSIONAL GRID AS THE HYDRODYNAMICS. OUR FOCUS HERE WAS ON PROOF OF PRINCIPLE AND OUR RESULTS SHOWED THAT WE SOLVED THE MAJOR TECHNICAL, BOOKKEEPING, AND COMPUTATIONAL ISSUES. WE DISCUSS THE NEXT STEPS TO INCREASE COMPUTATIONAL SPEED AND TO INCLUDE IMPORTANT BIOLOGICAL DIFFERENCES BETWEEN ANCHOVY AND SARDINE. IN A COMPANION PAPER (FIECHTER ET AL., 2015), WE FURTHER ANALYZE THE HISTORICAL SIMULATION IN THE CONTEXT OF THE VARIOUS HYPOTHESES THAT HAVE BEEN PROPOSED TO EXPLAIN THE SARDINE AND ANCHOVY CYCLES. (C) 2015 ELSEVIER LTD. ALL RIGHTS RESERVED.",ROSE KA;FIECHTER J;CURCHITSER EN;HEDSTROM K;BERNAL M;CREEKMORE S;HAYNIE A;ITO S;LLUCH-COTA S;MEGREY BA;EDWARDS CA;CHECKLEY D;KOSLOW T;MCCLATCHIE S;WERNER F;MACCALL A;AGOSTINI V,2015,PROGRESS IN OCEANOGRAPHY,10.1016/j.pocean.2015.01.012,NA
INVASIBES: UNDERSTANDING AND MANAGING THE IMPACTS OF INVASIVE ALIEN SPECIES ON BIODIVERSITY AND ECOSYSTEM SERVICES,"INVASIVE ALIEN SPECIES (IAS) ARE AMONGST THE MOST SIGNIFICANT DRIVERS OF SPECIES EXTINCTION AND ECOSYSTEM DEGRADATION, CAUSING NEGATIVE IMPACTS ON ECOSYSTEM SERVICES AND HUMAN WELL-BEING. INVASIBES, A PROJECT FUNDED BY BIODIVERSA-BELMONT FORUM FOR 2019-2021, WILL USE DATA AND MODELS ACROSS SCALES, HABITATS AND SPECIES TO UNDERSTAND AND ANTICIPATE THE MULTI-FACETED IMPACTS OF IAS AND TO PROVIDE TOOLS FOR THEIR MANAGEMENT. USING ALIEN SPECIES NARRATIVES AS REFERENCE, WE WILL DESIGN FUTURE INTERVENTION SCENARIOS FOCUSED ON PREVENTION, CONTROL AND ERADICATION OF IAS IN EUROPE AND THE UNITED STATES, THROUGH A PARTICIPATORY PROCESS BRINGING TOGETHER THE EXPERTISE OF SCIENTISTS AND STAKEHOLDERS. WE WILL ALSO ADAPT CURRENT IMPACT ASSESSMENT PROTOCOLS TO ASSESS BOTH THE DETRIMENTAL AND BENEFICIAL IMPACTS OF IAS ON BIODIVERSITY AND ECOSYSTEM SERVICES. THIS INFORMATION WILL THEN BE COMBINED WITH MAPS OF THE POTENTIAL DISTRIBUTION OF INVASIVE SPECIES OF INTEREST IN EUROPE UNDER CURRENT AND FUTURE CLIMATE-CHANGE SCENARIOS. LIKEWISE, WE WILL ANTICIPATE AREAS UNDER RISK OF INVASION BY RANGE-SHIFTING PLANTS OF CONCERN IN THE US. FINALLY, FOCUSING ON THREE LOCAL-SCALE STUDIES THAT COVER A RANGE OF HABITATS (FRESHWATER, TERRESTRIAL AND MARINE), INVASIVE SPECIES (PLANTS AND ANIMALS) AND ECOSYSTEM SERVICES (SUPPORTING, PROVISIONING, REGULATING AND CULTURAL), WE WILL USE EMPIRICAL FIELD DATA TO QUANTIFY THE REAL-WORLD IMPACTS OF IAS ON BIODIVERSITY AND ECOSYSTEM SERVICES AND CALCULATE INDICATORS OF ECOSYSTEM RECOVERY AFTER THE INVADER IS REMOVED. SPATIAL PLANNING TOOLS (INVEST) WILL BE USED TO EVALUATE THE COSTS AND BENEFITS OF SPECIES-SPECIFIC INTERVENTION SCENARIOS AT THE REGIONAL SCALE. DATA, MODELS AND MAPS, DEVELOPED THROUGHOUT THE PROJECT, WILL SERVE TO BUILD SCENARIOS AND MODELS OF BIODIVERSITY AND ECOSYSTEM SERVICES THAT ARE RELEVANT TO UNDERPIN MANAGEMENT OF IAS AT MULTIPLE SCALES.",GALLARDO B;BACHER S;BRADLEY B;COMÍN FA;GALLIEN L;JESCHKE JM;SORTE CJB;VILÀ M,2019,NEOBIOTA,10.3897/neobiota.50.35466,ALIEN SPECIES; BIODIVERSITY; CLIMATE CHANGE; ECOSYSTEM SERVICES; MANAGEMENT SCENARIOS; NATURE'S CONTRIBUTION TO PEOPLE; NON-NATIVE SPECIES; PARTICIPATORY PLANNING; RISK ASSESSMENT; SPECIES DISTRIBUTION MODELS
TOWARDS 'ECOLOGICAL COHERENCE': ASSESSING LARVAL DISPERSAL WITHIN A NETWORK OF EXISTING MARINE PROTECTED AREAS,"THE CONVENTION ON BIOLOGICAL DIVERSITY MANDATES THE ESTABLISHMENT OF MARINE PROTECTED AREA (MPA) NETWORKS WORLDWIDE, WITH RECOMMENDATIONS STATING THE IMPORTANCE OF 'ECOLOGICAL COHERENCE,' A RESPONSIBILITY TO SUPPORT AND PERPETUATE THE EXISTING ECOSYSTEM, IMPLYING THE NEED TO SUSTAIN POPULATION CONNECTIVITY. WHILE RECOMMENDATIONS EXIST FOR INTEGRATING CONNECTIVITY DATA INTO MPA PLANNING, LITTLE ADVICE EXISTS ON HOW TO ASSESS THE CONNECTIVITY OF EXISTING NETWORKS. THIS STUDY MAKES USE OF RECENTLY OBSERVED LARVAL CHARACTERISTICS AND FREELY AVAILABLE MODELS TO DEMONSTRATE HOW SUCH AN ASSESSMENT COULD BE UNDERTAKEN. THE COLD WATER CORAL (CWC) LOPHELIA PERTUSA (LINNAEUS, 1758) IS USED AS A MODEL SPECIES, AS MUCH OF THE NE ATLANTIC MPA NETWORK HAS BEEN DESIGNATED FOR CWC REEF PROTECTION, BUT THE ECOLOGICAL COHERENCE OF THE NETWORK HAS YET TO BE ASSESSED. SIMULATIONS ARE RUN FOR DIFFERENT BEHAVIOURAL NULL MODELS ALLOWING A COMPARISON OF 'PASSIVE' (CURRENT DRIVEN) AND 'ACTIVE' (CURRENTS + VERTICAL MIGRATION) DISPERSAL, WHILE AN AVERAGE PREDICTION IS USED FOR MPA ASSESSMENT. THIS MODEL SUGGESTS THAT THE NETWORK MAY SUPPORT WIDESPREAD LARVAL EXCHANGE AND HAS GOOD LOCAL RETENTION RATES BUT STILL HAS ROOM FOR IMPROVEMENT. THE BEST PERFORMING MPAS WERE LARGE AND CENTRAL TO THE NETWORK FACILITATING TRANSPORT ACROSS LOCAL DISPERSAL BARRIERS. ON AVERAGE, PASSIVE AND ACTIVE DISPERSAL SIMULATIONS GAVE STATISTICALLY SIMILAR RESULTS, PROVIDING ENCOURAGEMENT TO FUTURE LOCAL DISPERSAL ASSESSMENTS WHERE ACTIVE CHARACTERISTICS ARE UNKNOWN.",ROSS RE;NIMMO-SMITH WAM;HOWELL KL,2017,DEEP-SEA RESEARCH PART I-OCEANOGRAPHIC RESEARCH PAPERS,10.1016/j.dsr.2017.06.004,ECOLOGICAL COHERENCE; LARVAL DISPERSAL; DEEP SEA; MPA NETWORK; CONNECTIVITY; CONNECTIVITY MODELING SYTEM
TRIPLE BOTTOM LINE ASSESSMENT FOR THE HISTORICALLY UNDERPERFORMING COLOMBIAN QUEEN CONCH FISHERY,"THE REBUILDING OF A COLLAPSED FISHERY IS A DAUNTING MANAGEMENT CHALLENGE AS MULTI-FACETED EVALUATIONS ARE REQUIRED TO ASSESS THE CURRENT AND POTENTIAL PERFORMANCE OF THE FISHERY SYSTEM. SINGLE-DIMENSION ANALYSES SUCH AS STOCK ABUNDANCE ASSESSMENTS ARE ONLY PARTIALLY EFFECTIVE IN DETERMINING THE BEST COURSE OF ACTION IN THIS TYPE OF SCENARIOS. THIS STUDY RELIED ON THE FISHERY PERFORMANCE INDICATORS (FPIS) - A RAPID ASSESSMENT TOOL FOR MEASURING ECONOMIC, SOCIAL AND ECOLOGICAL OUTCOMES FROM FISHERY MANAGEMENT SYSTEMS - TO ANALYZE PERFORMANCE AND REBUILDING CHALLENGES FOR THE COLOMBIAN QUEEN CONCH (ALIGER GIGAS) FISHERY. THE ECOLOGICAL AND ECONOMIC INDICATORS CLEARLY REVEALED AN UNDERPERFORMING FISHERY, EVEN WHEN COMPARED TO OTHER FISHERIES FROM DEVELOPING COUNTRIES. HOWEVER, HIGHER SCORES WERE ACHIEVED IN THE COMMUNITY (SOCIAL) INDICATORS, REFLECTING THE SOCIOECONOMIC AND CULTURAL IMPORTANCE OF THE FISHERY EVEN WHEN OPERATING AT A SUBSISTENCE LEVEL. IN ADDITION TO ECOLOGICAL CONSIDERATIONS, MANAGERIAL AND ECONOMIC FACTORS PLAY AN IMPORTANT ROLE IN THE REBUILDING OF THE RESOURCE. BIOECONOMIC MODELING OF THE FISHERY IS STRONGLY RECOMMENDED TO CONTRIBUTE USEFUL ECONOMIC ADVICE TO THE POLICY-MAKING PROCESS, WHICH HAS BEEN TRADITIONALLY GUIDED BY BIOLOGICAL CONSIDERATIONS SUCH AS MAXIMIZATION OF SUSTAINABLE YIELD.",MARCO J;VALDERRAMA D;RUEDA M,2021,MARINE POLICY,10.1016/j.marpol.2020.104257,DEVELOPMENT; FISHERIES MANAGEMENT; FISHERIES PERFORMANCE INDICATORS; PILLARS OF SUSTAINABILITY; TRIPLE BOTTOM LINE
ACCOUNTING FOR SPATIAL SCALE AND TEMPORAL VARIATION IN FISH-HABITAT ANALYSES USING BAITED REMOTE UNDERWATER VIDEO STATIONS (BRUVS),"WITH THE IMPLEMENTATION OF MARINE SPATIAL PLANNING IN MANY COASTAL REGIONS OF THE WORLD, THERE IS A NEED TO UNDERSTAND HOW MARINE SPECIES AND COMMUNITIES RESPOND TO ENVIRONMENTAL HETEROGENEITY. PREDICTIVE MODELLING APPROACHES ARE ONE EFFICIENT METHOD FOR ASSOCIATING MARINE COMMUNITIES WITH VARIATIONS ACROSS THE SEASCAPE. THESE APPROACHES, ALONG WITH INCREASING ACCESS TO SPATIALLY EXPLICIT ENVIRONMENTAL DATA, PROVIDE IMPROVED OPPORTUNITIES FOR MODELLING FISH ASSEMBLAGES. BAITED REMOTE UNDERWATER VIDEO STATIONS (BRUVS) ARE A POPULAR MEANS OF GATHERING FISH ASSEMBLAGE DATA IN THE COASTAL ZONE, BUT HAVE BIASES IN BAIT ATTRACTION, TROPHIC GROUPS SAMPLED, AND BEHAVIORAL CONDITIONS. TO ACCOUNT FOR THESE BIASES, SPATIAL AND TEMPORAL SCALES OF ANALYSES MUST BE CONSIDERED. IN THIS STUDY, WE COMBINED TIME-SERIES BRUVS OBSERVATIONS WITH SEAFLOOR AND OCEANOGRAPHIC VARIABLES IN GENERALIZED ADDITIVE MODELS TO MODEL PATTERNS OF RELATIVE SPECIES RICHNESS AND ABUNDANCE IN TEMPERATE COASTAL FISH ASSEMBLAGES ACROSS MULTIPLE HABITAT TYPES, FUNCTIONAL TROPHIC GROUPS, AND SPATIAL SCALES FROM 5-500 M. WE SHOW THAT THE SPATIAL AND TEMPORAL SCALE OF ANALYSES AND BEHAVIORAL CHARACTERISTICS OF TARGET SPECIES (SUCH AS MOBILITY) ARE IMPORTANT CONSIDERATIONS WHEN PREDICTING THE SPATIAL DISTRIBUTION OF A PARTICULAR ASSEMBLAGE OR FUNCTIONAL SUBSET. THE RESULTING MODELS PERFORMED WELL, WITH PREDICTION ACCURACIES UP TO 79% WHILE EXPLAINING BETWEEN 24 AND 83 % OF VARIANCE. THESE MODELS WERE THEN USED TO EXTRAPOLATE ASSEMBLAGE CHARACTERISTICS OVER BROADER AREAS OF THE SEAFLOOR TO EXPAND OUR UNDERSTANDING OF FISH DISTRIBUTIONS, PROVIDING VALUABLE INSIGHTS FOR MARINE SPATIAL PLANNING, INCLUDING MARINE PROTECTED AREA ASSESSMENT.",WINES SL;YOUNG MA;ZAVALAS R;LOGAN JM;TINKLER P;IERODIACONOU D,2020,MARINE ECOLOGY PROGRESS SERIES,10.3354/meps13292,STEREO-BRUVS; MULTIBEAM; SONAR; GENERALIZED ADDITIVE MODEL; GAM; SPECIES DISTRIBUTION MODEL; SDM; FISH ASSEMBLAGES
CLIMATE CHANGE ALTERATIONS TO ECOSYSTEM DOMINANCE: HOW MIGHT SPONGE-DOMINATED REEFS FUNCTION?,"ANTHROPOGENIC STRESSORS ARE IMPACTING ECOLOGICAL SYSTEMS ACROSS THE WORLD. OF PARTICULAR CONCERN ARE THE RECENT RAPID CHANGES OCCURRING IN CORAL REEF SYSTEMS. WITH ONGOING DEGRADATION FROM BOTH LOCAL AND GLOBAL STRESSORS, FUTURE REEFS ARE LIKELY TO FUNCTION DIFFERENTLY FROM CURRENT CORAL-DOMINATED ECOSYSTEMS. DETERMINING KEY ATTRIBUTES OF FUTURE REEF STATES IS CRITICAL TO RELIABLY PREDICT OUTCOMES FOR ECOSYSTEM SERVICE PROVISION. HERE WE EXPLORE THE IMPACTS OF CHANGING SPONGE DOMINANCE ON CORAL REEFS. QUALITATIVE MODELLING OF REEF FUTURES SUGGESTS THAT CHANGING SPONGE DOMINANCE DUE TO INCREASED SPONGE ABUNDANCE WILL HAVE DIFFERENT OUTCOMES FOR OTHER TROPHIC LEVELS COMPARED WITH INCREASED SPONGE DOMINANCE AS A RESULT OF DECLINING CORAL ABUNDANCE. BY EXPLORING UNCERTAINTY IN THE MODEL OUTCOMES WE IDENTIFY THE NEED TO (1) QUANTIFY CHANGES IN CARBON FLOW THROUGH SPONGES, (2) DETERMINE THE IMPORTANCE OF FOOD LIMITATION FOR SPONGES, (3) ASSESS THE UBIQUITY OF THE RECENTLY DESCRIBED SPONGE LOOP, (4) DETERMINE THE COMPETITIVE RELATIONSHIPS BETWEEN SPONGES AND OTHER BENTHIC TAXA, PARTICULARLY ALGAE, AND (5) UNDERSTAND HOW CHANGING DOMINANCE OF OTHER ORGANISMS ALTERS TROPHIC PATHWAYS AND ENERGY FLOWS THROUGH ECOSYSTEMS. ADDRESSING THESE KNOWLEDGE GAPS WILL FACILITATE DEVELOPMENT OF MORE COMPLEX MODELS THAT ASSESS FUNCTIONAL ATTRIBUTES OF SPONGE-DOMINATED REEF ECOSYSTEMS.",BELL JJ;ROVELLINI A;DAVY SK;TAYLOR MW;FULTON EA;DUNN MR;BENNETT HM;KANDLER NM;LUTER HM;WEBSTER NS,2018,ECOLOGY,10.1002/ecy.2446,CORAL REEFS; ECOSYSTEM FUNCTIONING; PORIFERA; QUALITATIVE MODELLING; REGIME SHIFTS; SPONGES
PREDICTING BYCATCH HOTSPOTS BASED ON SUITABLE HABITAT DERIVED FROM FISHERY-INDEPENDENT DATA,"BYCATCH REMAINS A GLOBAL PROBLEM IN MANAGING SUSTAINABLE FISHERIES. A CRITICAL ASPECT OF MANAGEMENT IS UNDERSTANDING THE TIMING AND SPATIAL EXTENT OF BYCATCH. FISHERIES MANAGEMENT OFTEN RELIES ON OBSERVED BYCATCH DATA, WHICH ARE NOT ALWAYS AVAILABLE DUE TO A LACK OF REPORTING OR OBSERVER COVERAGE. ALTERNATIVELY, ANALYZING THE OVERLAP IN SUITABLE HABITAT FOR THE TARGET AND NON-TARGET SPECIES CAN PROVIDE A SPATIAL MANAGEMENT TOOL TO UNDERSTAND WHERE BYCATCH INTERACTIONS ARE LIKELY TO OCCUR. POTENTIAL BYCATCH HOTSPOTS BASED ON SUITABLE HABITAT WERE PREDICTED FOR CUSK BROSME BROSME INCIDENTALLY CAUGHT IN THE GULF OF MAINE AMERICAN LOBSTER HOMARUS AMERICANUS FISHERY. DATA FROM MULTIPLE FISHERIES-INDEPENDENT SURVEYS WERE COMBINED IN A DELTA-GENERALIZED LINEAR MIXED MODEL TO GENERATE SPATIALLY EXPLICIT DENSITY ESTIMATES FOR USE IN AN INDEPENDENT HABITAT SUITABILITY INDEX. THE HABITAT SUITABILITY INDICES FOR AMERICAN LOBSTER AND CUSK WERE THEN COMPARED TO PREDICT POTENTIAL BYCATCH HOTSPOT LOCATIONS. SUITABLE HABITAT FOR AMERICAN LOBSTER HAS INCREASED BETWEEN 1980 AND 2013 WHILE SUITABLE HABITAT FOR CUSK DECREASED THROUGHOUT MOST OF THE GUFF OF MAINE, EXCEPT FOR GEORGES BASIN AND THE GREAT SOUTH CHANNEL. THE PROPORTION OF OVERLAP IN SUITABLE HABITAT VARIED INTERANNUALLY BUT DECREASED SLIGHTLY IN THE SPRING AND REMAINED RELATIVELY STABLE IN THE FALL OVER THE TIME SERIES. AS GULF OF MAINE TEMPERATURES CONTINUE TO INCREASE, THE INTERACTIONS BETWEEN AMERICAN LOBSTER AND CUSK ARE PREDICTED TO DECLINE AS CUSK HABITAT CONTINUES TO CONSTRICT. THIS FRAMEWORK CAN CONTRIBUTE TO FISHERIES MANAGERS' UNDERSTANDING OF CHANGES IN HABITAT OVERLAP AS CLIMATE CONDITIONS CONTINUE TO CHANGE AND ALTER WHERE BYCATCH INTERACTIONS COULD OCCUR.",RUNNEBAUM J;TANAKA KR;GUAN LS;CAO J;O'BRIEN L;CHEN Y,2020,MARINE ECOLOGY PROGRESS SERIES,10.3354/meps13302,HABITAT MODELING; DATA LIMITED MANAGEMENT; BYCATCH HOTSPOTS
THE IMPACTS OF FISH BODY SIZE CHANGES ON STOCK RECOVERY: A CASE STUDY USING AN AUSTRALIAN MARINE ECOSYSTEM MODEL,"MANY FISHED STOCKS SHOW LONG-TERM REDUCTIONS IN ADULT BODY SIZE. SUCH CHANGES COULD LEAD TO NEW FEEDING INTERACTIONS AND ALTER STOCK PRODUCTIVITY, INTRODUCING NEW LEVELS OF UNCERTAINTY IN FISHERIES MANAGEMENT. WE USE A MARINE ECOSYSTEM MODEL PARAMETERIZED FOR SOUTHEAST AUSTRALIA TO EXPLORE HOW REDUCTIONS (UP TO 6% IN 50 YEARS) IN SIZE-AT-AGE OF FISHED SPECIES AFFECT STOCK RECOVERY AFTER AN IMPLEMENTATION OF A FISHING MORATORIUM. WE SHOW THAT REDUCTION IN BODY SIZE CAN GREATLY ELEVATE PREDATION MORTALITY AND LOWER THE POST-FISHING BIOMASS OF AFFECTED SPECIES. IN OUR SIMULATIONS, THE RECOVERY PERIOD AFTER THE FISHING MORATORIUM WAS CHARACTERIZED BY TWO PHASES. IN THE INITIAL READJUSTMENT PHASE, THE ECOSYSTEM DYNAMICS WAS LARGELY DETERMINED BY THE RAPID CHANGES IN THE BIOMASSES OF RECOVERING SPECIES AND CHANGES IN BODY SIZE HAD NEGLIGIBLE EFFECTS. IN CONTRAST, FISH BODY SIZES HAD THE MAJOR IMPACT ON THE BIOMASSES IN THE SECOND, SEMI-EQUILIBRIUM STATE AND THE FINAL BIOMASSES WERE GENERALLY NOT AFFECTED BY THE HARVEST RATE DURING THE FISHING PERIOD. WHEN REDUCED SIZE-AT-AGE ELEVATED PREDATION MORTALITY IN MOST AGE GROUPS OF A SPECIES (TIGER FLATHEAD PLATYCEPHALUS RICHARDSONI OR SILVER WAREHOU SERIOLELLA PUNCTATA IN OUR SIMULATIONS), THE SPECIES' EQUILIBRIUM BIOMASS WAS CONSIDERABLY LOWER COMPARED WITH THE SCENARIOS OF NO CHANGE IN BODY SIZE. FOR OTHER SPECIES (PINK LING GENYPTERUS BLACODES AND JACKASS MORWONG NEMADACTYLUS MACROPTERUS), A PREDATION INCREASE IN SOME AGE GROUPS WAS BALANCED BY THE DECREASE IN OTHERS. THE LATTER REDUCTION IN PREDATION MORTALITY OCCURRED WHEN MAJOR PREDATORS OF SPECIES WITH REDUCING SIZE-AT-AGE WERE DECREASING IN SIZE THEMSELVES, OR WHEN CANNIBALISM WAS AN IMPORTANT SOURCE OF JUVENILE MORTALITY (IN BLUE GRENADIER MACRURONUS NOVAEZELANDIAE). WE SUGGEST THAT DECREASED SIZE-AT-AGE WILL BE MOST DETRIMENTAL TO STOCK RECOVERY WHEN THE MAIN PREDATORS OF THE STOCK ARE NOT AFFECTED BY THE DRIVERS CAUSING CHANGES IN BODY SIZE.",AUDZIJONYTE A;FULTON EA;KUPARINEN A,2015,ICES JOURNAL OF MARINE SCIENCE,10.1093/icesjms/fsu185,ECOSYSTEM MODELLING; FISHERIES MANAGEMENT; LIFE HISTORY CHANGE; NATURAL MORTALITY; STOCK RECOVERY
"ASSESSING ECOSYSTEM THREATS FROM GLOBAL AND REGIONAL CHANGE: HIERARCHICAL MODELING OF RISK TO SAGEBRUSH ECOSYSTEMS FROM CLIMATE CHANGE, LAND USE AND INVASIVE SPECIES IN NEVADA, USA","GLOBAL CHANGE POSES SIGNIFICANT CHALLENGES FOR ECOSYSTEM CONSERVATION. AT REGIONAL SCALES, CLIMATE CHANGE MAY LEAD TO EXTENSIVE SHIFTS IN SPECIES DISTRIBUTIONS AND WIDESPREAD EXTIRPATIONS OR EXTINCTIONS. AT LANDSCAPE SCALES, LAND USE AND INVASIVE SPECIES DISRUPT ECOSYSTEM FUNCTION AND REDUCE SPECIES RICHNESS. HOWEVER, A LACK OF SPATIALLY EXPLICIT MODELS OF RISK TO ECOSYSTEMS MAKES IT DIFFICULT FOR SCIENCE TO INFORM CONSERVATION PLANNING AND LAND MANAGEMENT. HERE, I MODEL RISK TO SAGEBRUSH (ARTEMISIA SPP.) ECOSYSTEMS IN THE STATE OF NEVADA, USA FROM CLIMATE CHANGE, LAND USE/LAND COVER CHANGE, AND SPECIES INVASION. RISK FROM CLIMATE CHANGE IS BASED ON AN ENSEMBLE OF 10 ATMOSPHERE-OCEAN GENERAL CIRCULATION MODEL (AOGCM) PROJECTIONS APPLIED TO TWO BIOCLIMATIC ENVELOPE MODELS (MAHALANOBIS DISTANCE AND MAXENT). RISK FROM LAND USE IS BASED ON THE DISTRIBUTION OF ROADS, AGRICULTURE, AND POWERLINES, AND ON THE SPATIAL RELATIONSHIPS BETWEEN LAND USE AND PROBABILITY OF CHEATGRASS BROMUS TECTORUM INVASION IN NEVADA. RISK FROM LAND COVER CHANGE IS BASED ON PROBABILITY AND EXTENT OF PINYON-JUNIPER (PINUS MONOPHYLLA; JUNIPERUS SPP.) WOODLAND EXPANSION. CLIMATE CHANGE IS MOST LIKELY TO NEGATIVELY IMPACT SAGEBRUSH ECOSYSTEMS AT THE EDGES OF ITS CURRENT RANGE, PARTICULARLY IN SOUTHERN NEVADA, SOUTHERN UTAH, AND EASTERN WASHINGTON. RISK FROM LAND USE AND WOODLAND EXPANSION IS PERVASIVE THROUGHOUT NEVADA, WHILE CHEATGRASS INVASION IS MOST PROBLEMATIC IN THE NORTHERN PART OF THE STATE. CUMULATIVELY, THESE CHANGES POSE MAJOR CHALLENGES FOR CONSERVATION OF SAGEBRUSH AND SAGEBRUSH OBLIGATE SPECIES. THIS TYPE OF COMPREHENSIVE ASSESSMENT OF ECOSYSTEM RISK PROVIDES MANAGERS WITH SPATIALLY EXPLICIT TOOLS IMPORTANT FOR CONSERVATION PLANNING.",BRADLEY BA,2010,ECOGRAPHY,10.1111/j.1600-0587.2009.05684.x,NA
USING SHORTENED SPIN-UPS TO SPEED UP OCEAN BIOGEOCHEMICAL MODEL OPTIMIZATION,"THE PERFORMANCE OF GLOBAL OCEAN BIOGEOCHEMICAL MODELS CAN BE QUANTIFIED AS THE MISFIT BETWEEN MODELED TRACER DISTRIBUTIONS AND OBSERVATIONS, WHICH IS SOUGHT TO BE MINIMIZED DURING PARAMETER OPTIMIZATION. THESE MODELS ARE COMPUTATIONALLY EXPENSIVE DUE TO THE LONG SPIN-UP TIME REQUIRED TO REACH EQUILIBRIUM, AND THEREFORE OPTIMIZATION IS OFTEN LABORIOUS. TO REDUCE THE REQUIRED COMPUTATIONAL TIME, WE INVESTIGATE WHETHER OPTIMIZATION OF A BIOGEOCHEMICAL MODEL WITH SHORTER SPIN-UPS PROVIDES THE SAME OPTIMIZED PARAMETERS AS ONE WITH A FULL-LENGTH, EQUILIBRATED SPIN-UP OVER SEVERAL MILLENNIA. WE USE THE GLOBAL OCEAN BIOGEOCHEMICAL MODEL MOPS WITH A RANGE OF LENGTHS OF MODEL SPIN-UP AND CALIBRATE THE MODEL AGAINST SYNTHETIC OBSERVATIONS DERIVED FROM PREVIOUS MODEL RUNS USING A DERIVATIVE-FREE OPTIMIZATION ALGORITHM (DFO-LS). WHEN INITIATING THE BIOGEOCHEMICAL MODEL WITH TRACER DISTRIBUTIONS THAT DIFFER FROM THE SYNTHETIC OBSERVATIONS USED FOR CALIBRATION, A MINIMUM SPIN-UP LENGTH OF 2,000 YEARS WAS REQUIRED FOR SUCCESSFUL OPTIMIZATION DUE TO CERTAIN PARAMETERS WHICH INFLUENCE THE TRANSPORT OF MATTER FROM THE SURFACE TO THE DEEPER OCEAN, WHERE TIMESCALES ARE LONGER. HOWEVER, PRELIMINARY RESULTS INDICATE THAT SUCCESSFUL OPTIMIZATION MAY OCCUR WITH AN EVEN SHORTER SPIN-UP BY A JUDICIOUS CHOICE OF INITIAL CONDITION, HERE THE SYNTHETIC OBSERVATIONS USED FOR CALIBRATION, SUGGESTING A FRUITFUL AVENUE FOR FUTURE RESEARCH. GLOBAL OCEAN BIOGEOCHEMICAL MODELS ALLOW US TO SIMULATE OCEAN BIOLOGICAL AND CHEMICAL VARIABLES THROUGHOUT THE GLOBAL OCEAN, AND ARE NECESSARY FOR CLIMATE CHANGE PROJECTIONS. THEY ARE VERY COMPUTATIONALLY EXPENSIVE DUE TO THE REQUIRED SPIN-UP NEEDED FOR THE MODEL TO REACH A STEADY STATE, AND SO ANY IMPROVEMENTS TO THE MODEL NEED TO BE SOUGHT IN AN EFFICIENT WAY. ONE WAY WE INVESTIGATE HERE IS TO FIRST MAKE THE MODEL LESS COMPUTATIONALLY EXPENSIVE BY USING A SHORTER SPIN-UP, AND THEN WE APPLY AN EFFICIENT OPTIMIZATION ALGORITHM TO TUNE THE MODEL TO OBSERVATIONS. BY SHORTENING THE SPIN-UP FROM 3,000 TO 2,000 YEARS WE SHOW THAT WE CAN STILL REACH A SUCCESSFULLY OPTIMIZED MODEL. PRELIMINARY RESULTS INDICATE THAT SUCCESSFUL OPTIMIZATION MAY OCCUR WITH AN EVEN SHORTER SPIN-UP WHEN THE BIOGEOCHEMICAL MODEL IS INITIALIZED FROM A MORE ACCURATE STATE, WHICH HIGHLIGHTS A FUTURE AVENUE FOR RESEARCH THAT MAY ENCOURAGE MORE SYSTEMATIC TUNING OF COMPUTATIONALLY EXPENSIVE OCEAN BIOGEOCHEMICAL MODELS. GLOBAL OCEAN BIOGEOCHEMICAL MODELS ARE COMPUTATIONALLY EXPENSIVE DUE TO THE LONG SPIN-UP TIME REQUIRED TO REACH EQUILIBRIUM A SHORTENED SPIN UP OF 2,000 YEARS DURING PARAMETER OPTIMIZATION CAN BE SUCCESSFULLY OPTIMIZED HOW SHORT A SPIN-UP ONE CAN SUCCESSFULLY OPTIMIZE IS INFLUENCED BY THE PARAMETERS BEING CALIBRATED AND THE INITIAL CONDITIONS OF THE MODEL",OLIVER S;KHATIWALA S;CARTIS C;WARD B;KRIEST I,2024,JOURNAL OF ADVANCES IN MODELING EARTH SYSTEMS,10.1029/2023MS003941,OCEAN BIOGEOCHEMICAL MODELING; DERIVATIVE-FREE OPTIMIZATION; PARAMETER OPTIMIZATION; MODEL CALIBRATION
