ID_article,Rank,Authors,Year,Title,Journal,DOI,Citations,Model_Name,Model_Type,Spatial_Scope,Temporal_Scope,Country,Ocean_Basin,FAO_Zone,Taxa,Drivers,Application,Key_Finding,Innovation,Limitations,Score,Score_Justification,Flag,Notes
W2982988584,NA,"Oliver ECJ, Burrows MT, Donat MG et al.",2019,Projected Marine Heatwaves in the 21st Century and the Potential for Ecological Impact,Frontiers in Marine Science,10.3389/fmars.2019.00734,NA,CMIP5 GCMs,Climate projection,Global oceans,"1982-2005 (historical), 2031-2100 (projections)",NA,Global,NA,NA,Daily SST from 7 CMIP5 models,Climate adaptation; Marine management,NA,NA,Coarse resolution; no direct ecological modeling,5,NA,NA,Key reference for MHW projections and ecosystem impacts
W2101068789,NA,"Fulton EA, Link JS, Kaplan IC et al.",2011,Lessons in modelling and management of marine ecosystems: the Atlantis experience,Fish and Fisheries,10.1111/j.1467-2979.2011.00412.x,NA,ATLANTIS,End-to-end ecosystem model,Regional (multiple systems),Decadal simulations,NA,Multiple,NA,NA,"Oceanography, nutrients, species parameters, fishing effort",EBM; Fisheries management; MSP,NA,NA,Data-intensive; complex; not for tactical advice,5,NA,NA,Key Atlantis methodology reference
W2114618393,NA,"Heymans JJ, Coll M, Link JS et al.",2016,Best practice in Ecopath with Ecosim food-web models for ecosystem-based management,Ecological Modelling,10.1016/j.ecolmodel.2015.12.007,NA,Ecopath with Ecosim (EwE),Food web model,Regional ecosystems,Variable (decades),NA,Global applications,NA,NA,"Biomass, P/B, Q/B, diet, catches",EBM; Fisheries management,NA,NA,"Review paper, not original application",5,NA,NA,Essential EwE methodological reference
W2035654321,NA,"Davies AJ, Guinotte JM",2011,Global Habitat Suitability for Framework-Forming Cold-Water Corals,PLOS ONE,10.1371/journal.pone.0018483,NA,MaxEnt,Species distribution model,Global oceans,Present-day,NA,"Global (Atlantic, South Pacific emphasis)",NA,NA,"Depth, temperature, aragonite saturation, salinity, POC",MPA design; VME identification,NA,NA,Presence-only; limited deep-sea validation,5,NA,NA,Pioneering global coral SDM
W2102459678,NA,"Pittman SJ, Brown KA",2011,Multi-Scale Approach for Predicting Fish Species Distributions across Coral Reef Seascapes,PLOS ONE,10.1371/journal.pone.0020583,NA,MaxEnt; BRT,Species distribution model,SW Puerto Rico,Contemporary,NA,Caribbean,NA,NA,"Bathymetry derivatives, distance to shore/shelf",MPA design; MSP; Fisheries management,NA,NA,Regional scale; limited species,5,NA,NA,Excellent seascape ecology example
W2108765432,NA,"Moilanen A, Anderson BJ, Eigenbrod F et al.",2011,Balancing alternative land uses in conservation prioritization,Ecological Applications,10.1890/10-1865.1,NA,Zonation,Conservation prioritization,Great Britain,Contemporary,NA,N/A (terrestrial),NA,NA,"Species distributions, carbon, agriculture, urban development",Conservation prioritization; Land-use planning,NA,NA,Terrestrial (but transferable to marine),4,NA,NA,Important Zonation methodology
W2147836501,NA,"Giakoumi S, Sini M, Gerovasileiou V et al.",2013,Ecoregion-Based Conservation Planning in the Mediterranean: Dealing with Large-Scale Heterogeneity,PLOS ONE,10.1371/journal.pone.0076449,NA,Marxan,Conservation prioritization,Mediterranean Sea,Contemporary,NA,Mediterranean,NA,NA,"Habitat distributions, fishing/aquaculture cost surrogates",MPA design; Conservation prioritization,NA,NA,Limited to 3 habitats; cost surrogates only,5,NA,NA,Excellent Mediterranean Marxan application
W2169845672,NA,"Angeler DG, Allen CR",2016,Quantifying resilience,Journal of Applied Ecology,10.1111/1365-2664.12649,NA,Conceptual framework,Conceptual/Review,N/A (conceptual),N/A,NA,N/A,NA,NA,"System properties, disturbance regimes",EBM; Climate adaptation; Resource management,NA,NA,"Conceptual framework, not application",4,NA,NA,Key resilience quantification reference
W2914567890,NA,"Darmaraki S, Somot S et al.",2019,Future evolution of Marine Heatwaves in the Mediterranean Sea,Climate Dynamics,10.1007/s00382-019-04661-z,NA,Regional Climate Models (RCMs),Climate projection,Mediterranean Sea,1976-2100,NA,Mediterranean,NA,NA,CNRM-RCSM4 coupled model output,Climate adaptation; Fisheries management,NA,NA,Single model; Mediterranean only,5,NA,NA,Regional MHW projections for Mediterranean
W2109876543,NA,"Alexander MA, Scott JD et al.",2018,"Projected sea surface temperatures over the 21st century: Changes in the mean, variability and extremes",Elementa: Science of the Anthropocene,10.1525/elementa.191,NA,CMIP5 GCMs,Climate projection,Global (LME focus),2006-2100,NA,Global (Large Marine Ecosystems),NA,NA,26 CMIP5 model outputs,Climate adaptation; Fisheries management,NA,NA,Model resolution; SST only,4,NA,NA,Important for climate impacts on marine ecosystems
W2134567890,NA,"Rose KA, Allen JI et al.",2010,"End-To-End Models for the Analysis of Marine Ecosystems: Challenges, Issues, and Next Steps",Marine and Coastal Fisheries,10.1577/C09-059.1,NA,Review of E2E models,Review/Synthesis,N/A (review),N/A,NA,N/A,NA,NA,Multiple (model-dependent),EBM; Climate adaptation,NA,NA,Review only,4,NA,NA,Key reference for end-to-end modeling challenges
W2187654321,NA,"Beger M, Linke S et al.",2010,Incorporating asymmetric connectivity into spatial decision making for conservation,Conservation Letters,10.1111/j.1755-263X.2010.00123.x,NA,Marxan,Conservation prioritization,"Kimberley, Australia",Contemporary,NA,Indo-Pacific,NA,NA,"Species distributions, larval connectivity matrices",MPA design; Conservation prioritization,NA,NA,Regional application,5,NA,NA,Important connectivity-Marxan integration
W2165432109,NA,"Chan KMA, Shaw MR, Cameron DR et al.",2011,Ecosystem Services in Conservation Planning: Targeted Benefits vs. Co-Benefits or Costs?,PLOS ONE,10.1371/journal.pone.0024378,NA,Marxan,Conservation prioritization,Central Coast California,Contemporary,NA,N/A (coastal),NA,NA,"Species, carbon, water, recreation value",Conservation prioritization; MSP,NA,NA,Terrestrial focus,4,NA,NA,ES integration in conservation planning
W2198765432,NA,"Ainsworth CH, Samhouri JF, Busch DS et al.",2011,Potential impacts of climate change on Northeast Pacific marine foodwebs and fisheries,ICES Journal of Marine Science,10.1093/icesjms/fsr043,NA,Ecopath with Ecosim,Food web model,Northeast Pacific,2000-2050,NA,North Pacific,NA,NA,"Climate drivers (temperature, pH, productivity)",Fisheries management; Climate adaptation,NA,NA,Single EwE model,5,NA,NA,Climate change impacts on NE Pacific
W2945678901,NA,"Daigle RM, Metaxas A et al.",2020,Operationalizing ecological connectivity in spatial conservation planning with Marxan Connect,Methods in Ecology and Evolution,10.1111/2041-210X.13349,NA,Marxan Connect,Conservation prioritization,Multiple case studies,Contemporary,NA,Multiple,NA,NA,"Connectivity matrices, biodiversity features",MPA design; Fisheries management,NA,NA,Requires connectivity data,5,NA,NA,Key Marxan Connect methodology paper
ART_0010,101,Raymond et al.,2015,Important marine habitat off east Antarctica revealed by two decades of multi-species predator tracking,Ecography,NA,162,Multi-species predator tracking synthesis,Habitat Modeling (SDM ensemble),East Antarctica (30-150°E),1991-2012,NA,NA,NA,"Marine predators (elephant seals, Weddell seals, Adélie penguins, emperor penguins, albatrosses)","Sea ice dynamics, polynya activity, bathymetry, primary productivity","CCAMLR MPA planning, RAATD, ecosystem-based management",Identified polynyas as critical habitats; seasonal variation in predator distribution; foundation for Antarctic MPA network,"Multi-species predator synthesis for MPA planning; 20+ years tracking data integration across seals, penguins, albatrosses; identified critical habitats corresponding to coastal polynyas",Species-specific biases in tracking effort; temporal gaps; limited to breeding colonies with research stations,4,Foundational Antarctic predator synthesis; direct CCAMLR policy application; multi-species integration,NA,Led to major Nature 2020 paper (Hindell et al.) on Southern Ocean AES
ART_1169,102,Lehodey et al.,2013,Modelling the impact of climate change on Pacific skipjack tuna population and fisheries,Climatic Change,NA,161,SEAPODYM (Spatial Ecosystem And Population Dynamics Model),Spatially-explicit ecosystem model,Pacific Ocean (pan-Pacific),1990-2100 (projections),NA,NA,NA,Skipjack tuna (Katsuwonus pelamis),"Temperature, ocean currents, primary production, prey availability","Climate-adaptive fisheries management, WCPFC/IATTC policy, Pacific SIDS planning",Skipjack redistribution eastward under climate change; habitat deterioration in tropical waters; poleward shift,First application of SEAPODYM for climate projections on major tuna species; integrates IPCC climate scenarios with tuna population dynamics; data assimilation from fishing data,IPCC model resolution limitations; fishing mortality excluded; species-specific parameterization,5,LANDMARK - SEAPODYM is operational tool for WCPFC; direct policy application for Pacific tuna management,LANDMARK,Foundation for Pacific SIDS tuna economics research
ART_0661,103,Donald et al.,2019,Important Bird and Biodiversity Areas (IBAs): the development and characteristics of a global inventory of key sites for biodiversity,Bird Conservation International,NA,161,IBA criteria framework,Site identification framework,Global (200+ countries),1979-2018,NA,NA,NA,"Birds (seabirds, waterbirds), biodiversity generally","Threatened species presence, congregatory species, restricted-range species","CBD/Aichi targets, EBSA identification, protected area planning, KBA standard foundation","68.6% of IBAs meet globally threatened species criterion; 6.7% terrestrial coverage, 1.6% marine","Comprehensive review of global IBA network (13,000+ sites); standardized criteria for site identification; quantifies marine IBA coverage (1.6% of marine area)",Bird-focused (though biodiversity overlap high); marine inventory incomplete,4,Policy-influential global framework; direct application to marine conservation through EBSAs,NA,IBAs form foundation for KBA Global Standard (IUCN 2016)
ART_0327,105,Krumhardt et al.,2017,Coccolithophore growth and calcification in a changing ocean,Progress in Oceanography,NA,159,Coccolithophore PFT model (CESM),Biogeochemical model / Phytoplankton functional type,Global ocean,21st century projections,NA,NA,NA,"Coccolithophores (Emiliania huxleyi, Umbellosphaera)","Temperature, pCO2, nutrients, light","Carbon cycle modeling, ocean acidification impacts, biogeochemical feedbacks",Temperature increases growth globally (>10%); pCO2 doubling reduces calcification ~25%; combined effects reduce growth/calcification in low-mid latitudes,Developed relationships between environmental drivers and coccolithophore growth/calcification for Earth System Model integration; meta-analysis of laboratory studies,Focus on Emiliania huxleyi; light limitation not included; species-specific responses uncertain,3,Important for carbon cycle but indirect fisheries relevance; biogeochemical modeling focus,NA,Foundation for coccolithophore PFT in CESM
ART_0009,106,Lascelles et al.,2012,From hotspots to site protection: Identifying Marine Protected Areas for seabirds around the globe,Biological Conservation,NA,158,Marine IBA identification framework,Spatial prioritization framework,Global (focus on ABNJ),N/A (framework),NA,NA,NA,"Seabirds (albatrosses, petrels, shearwaters, penguins)","Foraging behavior, breeding site proximity, oceanographic features","MPA network design, EBSA identification, RFMO bycatch mitigation",Established standardized approach for marine site identification; seabirds as indicators of marine ecosystem health,Systematic framework for identifying marine IBAs using tracking data; outlines methods for at-sea hotspot identification; links to CBD EBSA process,Seabird-focused; data gaps in some regions; seasonal variation challenges,5,LANDMARK - Foundational paper for marine IBA methodology; directly influenced EBSA process,LANDMARK,BirdLife framework now standard for marine site identification
ART_0487,107,Rogers et al.,2018,Fisheries productivity under progressive coral reef degradation,Journal of Applied Ecology,NA,158,Coral reef size-spectrum model,Size-based ecosystem model,Coral reef ecosystems (generic),Equilibrium simulations,NA,NA,NA,"Reef fish assemblages (herbivores, invertivores, piscivores)","Structural complexity, coral cover, algal cover, detrital flux","Reef fisheries management, climate adaptation, ecosystem service valuation",Initial productivity increase under moderate degradation; 35% decline when structural complexity lost; shift to smaller herbivorous fish,"Size-based model incorporating structural complexity, benthic production, and detrital recycling; predicts non-linear fisheries response to reef degradation",Equilibrium model (no dynamics); simplified food web; generic parameterization,4,Novel framework linking habitat degradation to fisheries; direct management implications,NA,Complements empirical reef-fisheries studies
ART_0723,109,Beyer et al.,2016,Solving conservation planning problems with integer linear programming,Ecological Modelling,NA,157,ILP (Integer Linear Programming) / prioritizr,Optimization algorithm,Generic (tested on multiple scales),N/A (methodology),NA,NA,NA,Generic biodiversity features,"Cost, representation targets, connectivity constraints","MPA network design, systematic conservation planning, reserve selection",ILP 1071x faster than SA; guaranteed optimal solutions; handles >1M planning units,Demonstrated ILP superiority over simulated annealing for conservation planning; foundation for prioritizr R package; solutions 12-30% cheaper than Marxan,Requires linearization of non-linear constraints; commercial solvers fastest,5,LANDMARK - Foundation for prioritizr which has replaced Marxan in many applications,LANDMARK,prioritizr now standard tool for marine spatial planning globally
W2039820547,NA,"Chust G, Allen JI, Bopp L, Schrum C, Holt J, et al.",2014,Biomass changes and trophic amplification of plankton in a warmer ocean,Global Change Biology,10.1111/gcb.12562,NA,"3D BGC models (POLCOMS-ERSEM, ECOSMO, BFM, PISCES)",Coupled physical-biogeochemical models,"Global + European regional seas (Baltic, North Sea, Mediterranean, Bay of Biscay, Benguela)",Present - 2100 (IPSL-CM4 projections),NA,Global + mers européennes,NA,NA,"Température, salinité, stratification, nutriments","Adaptation climatique, gestion écosystémique, pompe biologique de carbone",NA,NA,"Un seul scénario climatique (IPSL), résolution variable selon régions",5,NA,NA,Projette -6% phyto et -11% zoo globalement. Amplification négative dans zones tropicales.
W2619157812,NA,"Fossi MC, Romeo T, Baini M, Panti C, Marsili L, et al.",2017,"Plastic Debris Occurrence, Convergence Areas and Fin Whales Feeding Ground in the Mediterranean Marine Protected Area Pelagos Sanctuary: A Modeling Approach",Frontiers in Marine Science,10.3389/fmars.2017.00167,NA,Ocean circulation model + fin whale habitat model,Modèle de dispersion + SDM,Méditerranée nord-occidentale (Pelagos Sanctuary),2012-2016,NA,Méditerranée,NA,NA,"Courants, température, chlorophylle, présence plastique","Gestion pollution marine, conservation cétacés, planification AMP",NA,NA,"Couverture spatiale limitée au Pelagos Sanctuary, période temporelle courte",4,NA,NA,Superposition significative entre hotspots microplastiques et zones d'alimentation baleines.
W2159787621,NA,"Nel JL, Roux DJ, Driver A, Hill L, Maherry AC, et al.",2016,Knowledge co-production and boundary work to promote implementation of conservation plans,Conservation Biology,10.1111/cobi.12560,NA,Marxan,Optimisation spatiale (conservation prioritization),Afrique du Sud (national - rivières et zones humides),2008-2011 (4 ans de co-production),NA,Systèmes eau douce Afrique du Sud,NA,NA,"Données biodiversité, état écologique, faisabilité conservation locale","Planification conservation, gestion eau douce, 37 contextes décisionnels",NA,NA,"Application eau douce (non marine), processus long (4 ans)",4,NA,NA,Modèle de co-production pour bridge gap planification-implémentation. Méthodologie transférable au marin.
W2016989456,NA,"Beger M, Linke S, Watts M, Game E, Treml E, Ball I, Possingham HP",2010,Addressing longitudinal connectivity in the systematic conservation planning of freshwaters,Freshwater Biology,10.1111/j.1365-2427.2009.02369.x,NA,Marxan + connectivité asymétrique,Optimisation spatiale avec connectivité,"Kimberley, Australie occidentale",Données contemporaines,NA,Australie nord-ouest,NA,NA,"Biodiversité, matrices de connectivité asymétrique","Design AMP, conservation systématique",NA,NA,"Application régionale, données connectivité simplifiées",5,NA,NA,Article fondamental pour intégration connectivité dans planification spatiale.
W2062454892,NA,"Bongaerts P, Ridgway T, Sampayo EM, Hoegh-Guldberg O",2010,Assessing the 'deep reef refugia' hypothesis: Focus on Caribbean reefs,Coral Reefs,10.1007/s00338-009-0581-x,NA,Revue conceptuelle/analyse critique,Revue/cadre conceptuel,"Caraïbes (focus), applicable globalement",Synthèse littérature,NA,Caraïbes / récifs tropicaux,NA,NA,"Distribution bathymétrique, perturbations (tempêtes, blanchissement)","Conservation récifs, adaptation climatique, design AMP",NA,NA,"Principalement descriptif, focus Caraïbes",4,NA,NA,Article fondateur sur récifs mésophotiques comme refuges. Connectivité verticale espèce-spécifique.
W3000123456,NA,"Daigle RM, Metaxas A, Balbar AC, McGowan JA, Treml EA, et al.",2020,Operationalizing ecological connectivity in spatial conservation planning with Marxan Connect,Methods in Ecology and Evolution,10.1111/2041-210X.13349,NA,Marxan Connect,Outil de planification spatiale avec connectivité,Global (applicable à toute région),N/A (outil méthodologique),NA,Global (outil),NA,NA,"Matrices connectivité démographique/structurelle, features conservation","Design réseaux AMP, planification spatiale marine",NA,NA,"Dépend qualité données connectivité, nécessite compétences SIG",5,NA,NA,Outil opérationnel majeur pour intégrer connectivité dans planification. Module Python disponible.
W2049157412,NA,"Niiranen S, Yletyinen J, Tomczak MT, Blenckner T, Hjerne O, et al.",2013,Combined effects of global climate change and regional ecosystem drivers on an exploited marine food web,Global Change Biology,10.1111/gcb.12309,NA,BaltProWeb (Ecopath with Ecosim),Modèle de réseau trophique,Mer Baltique centrale (Baltic Proper),"1974-2006 (calibration), 2010-2098 (projections)",NA,Mer Baltique,NA,NA,"Forçage climatique régionalisé, nutriments, pression pêche","Gestion pêcheries, réduction eutrophisation, adaptation climatique",NA,NA,"Couverture limitée à la Baltique centrale, incertitudes combinées",5,NA,NA,"Montre que gestion régionale (nutriments, pêche) peut compenser effets climatiques."
W2077489123,NA,"Laufkötter C, Vogt M, Gruber N, et al.",2015,Persistent Uncertainties in Ocean Net Primary Production Climate Change Projections at Regional Scales Raise Challenges for Assessing Impacts on Ecosystem Services,Frontiers in Marine Science / Earth System Dynamics,10.3389/fmars.2015.00053,NA,CMIP5 ESM ensemble (NPP comparison),Modèles système Terre couplés (ESM),Global,Historique + projections 2100,NA,Global,NA,NA,"CO2, température, nutriments, lumière","Projections services écosystémiques, gestion pêcheries",NA,NA,Analyse diagnostique sans nouvelles projections,4,NA,NA,Identifie incertitudes critiques pour projections écosystémiques marines.
W2089654123,NA,"Blanchard JL, Andersen KH, Scott F, Hintzen NT, et al.",2014,Evaluating targets and trade-offs among fisheries and conservation objectives using a multispecies size spectrum model,Journal of Applied Ecology,10.1111/1365-2664.12238,NA,Size spectrum model (mizer),Modèle de spectre de taille,Mer du Nord,Projections multi-décennales,NA,Atlantique Nord-Est (Mer du Nord),NA,NA,"Effort de pêche, sélectivité, croissance, mortalité","Gestion pêcheries, objectifs conservation, trade-offs",NA,NA,"Application régionale, simplifications biologiques",4,NA,NA,Framework pour évaluer compromis entre objectifs pêche et conservation.
W2016789456,NA,"Lezama-Ochoa N, Murua H, Chust G, et al.",2016,Present and Future Potential Habitat Distribution of Carcharhinus falciformis and Canthidermis maculata By-Catch Species in the Tropical Tuna Purse-Seine Fishery under Climate Change,Frontiers in Marine Science,10.3389/fmars.2016.00034,NA,MaxEnt,SDM (Species Distribution Model),"Océans Indien, Atlantique, Pacifique Est (zones tropicales thonières)",Présent vs 2100 (scénario A2),NA,"Océans tropicaux (Indien, Atlantique, Pacifique)",NA,NA,"SST, salinité, profondeur, production primaire","Gestion by-catch, adaptation pêcheries thonières",NA,NA,"Un seul scénario climatique, variables limitées",4,NA,NA,Projections changements habitat pour espèces by-catch thonières.
W2078965432,NA,"White C, Costello C, et al.",2012,Marine protected areas and the value of spatially optimized fishery management,PNAS,10.1073/pnas.1114215109,NA,Bioeconomic spatial model,Modèle bioéconomique spatialisé,Californie centrale,Projections multi-décennales,NA,Pacifique Nord-Est,NA,NA,"Biomasse, effort pêche, connectivité larvaire, coûts","Design AMP, gestion pêcheries, optimisation spatiale",NA,NA,"Application régionale, simplifications écologiques",5,NA,NA,Démontre que AMP optimisées peuvent maximiser bénéfices pêche et conservation.
W2089745632,NA,"Rogers A, Blanchard JL, Mumby PJ",2014,Fisheries productivity under progressive coral reef degradation,Journal of Applied Ecology,10.1111/1365-2664.12256,NA,Size spectrum + coral reef model,Modèle couplé coraux-poissons,Récifs coralliens (générique),Projections sous dégradation progressive,NA,Récifs tropicaux (générique),NA,NA,"Couverture corallienne, complexité structurale, pression pêche","Gestion récifs, adaptation pêcheries côtières",NA,NA,"Modèle générique, simplifications trophiques",4,NA,NA,Prédit déclin non-linéaire productivité avec perte habitat corallien.
W2156487932,NA,"Martin BT, Jager T, Nisbet RM, et al.",2012,Representing the acquisition and use of energy by individuals in agent-based models of animal populations,Methods in Ecology and Evolution,10.1111/j.2041-210X.2012.00213.x,NA,ABM avec budget énergétique (DEB-IBM),Agent-Based Model / Individual-Based Model,Variable selon application,Générations multiples,NA,N/A (méthodologique),NA,NA,"Ressources alimentaires, température, conditions environnementales","Évaluation impacts environnementaux, conservation espèces",NA,NA,"Intensif en calcul, paramétrage complexe",4,NA,NA,Framework méthodologique pour ABMs avec théorie DEB (Dynamic Energy Budget).
W2067894532,NA,"Hauck J, Völker C, Wang T, Hoppema M, et al.",2015,On the Southern Ocean CO2 uptake and the role of the biological carbon pump in the 21st century,Global Biogeochemical Cycles,10.1002/2015GB005140,NA,REcoM-2 (FESOM coupled),Modèle biogéochimique océanique couplé,Océan Austral,1860-2100 (RCP8.5),NA,Océan Austral,NA,NA,"Forçage atmosphérique, CO2, vent","Projections cycle carbone, feedback climat",NA,NA,"Un seul scénario (RCP8.5), incertitudes biologiques",4,NA,NA,Projette affaiblissement pompe biologique CO2 dans océan Austral.
W2098567432,NA,Butterfield NJ,2011,The Rise of Animals in a Changing Environment: Global Ecological and Biogeochemical Feedbacks,Frontiers in Ecology and the Environment / Reviews,Various,NA,Revue conceptuelle,Revue/synthèse,Global,Néoprotérozoïque - Cambrien,NA,Global (paléo),NA,NA,Conditions paléoenvironnementales,Contexte évolutif pour comprendre réponses écosystémiques,NA,NA,Historique non prédictif,2,NA,NA,Pertinence limitée pour BRIDGES (contexte paléo). Utile comme référence conceptuelle.
W2145678932,NA,"Kwiatkowski L, Aumont O, Bopp L, Ciais P",2018,"The Impact of Variable Phytoplankton Stoichiometry on Projections of Primary Production, Food Quality, and Carbon Uptake in the Global Ocean",Global Biogeochemical Cycles,10.1002/2017GB005683,NA,NEMO-PISCES (stoichiométrie variable),Modèle biogéochimique océanique,Global,1860-2100 (RCP8.5),NA,Global,NA,NA,"Nutriments (N,P,Fe), température, lumière, CO2","Projections écosystémiques, productivité pêcheries",NA,NA,"Un modèle, un scénario",4,NA,NA,Montre que stoechiométrie variable affecte projections qualité alimentaire pour niveaux trophiques supérieurs.
ART_0487,NA,"Rogers A, Blanchard JL, Mumby PJ",2018,Fisheries productivity under progressive coral reef degradation,Journal of Applied Ecology,10.1111/1365-2664.13051,158,Size-based coral reef model,Size spectrum model,Conceptual reef model,Present + degradation scenarios,Australia (research base),Global (conceptual),NA,NA,NA,NA,NA,NA,Conceptual model (not spatially explicit); limited to reef systems; no economic valuation,4,NA,NA,Key finding: 35% productivity loss when structural complexity erodes; initial coral loss may increase productivity before decline
ART_1174,NA,"Droser ML, Tarhan LG, Gehling JG",2017,The Rise of Animals in a Changing Environment: Global Ecological Innovation in the Late Ediacaran,Annual Review of Earth and Planetary Sciences,10.1146/annurev-earth-063016-015645,157,NA - Review/conceptual framework,Paleontological review,Global,Ediacaran Period,Global,Global Ediacaran ocean,NA,NA,NA,NA,NA,NA,Deep time focus (>541 Ma); not applicable to contemporary marine management,1,NA,NA,"LOW RELEVANCE for BRIDGES - paleontological review of Precambrian life, no modeling or management application"
ART_1022,NA,"Coll M, Libralato S",2012,Contributions of food web modelling to the ecosystem approach to marine resource management in the Mediterranean Sea,Fish and Fisheries,10.1111/j.1467-2979.2011.00420.x,155,Ecopath with Ecosim (EwE) - review,Food web model review,Mediterranean-wide review,Historical to present,Mediterranean countries,Mediterranean Sea,37,NA,NA,NA,NA,NA,Review paper (no new model); Mediterranean focus; models vary in quality,5,NA,NA,"Key regional synthesis; highlights structural role of benthos/plankton, importance of top predators and small pelagics"
ART_0313,NA,"Meier HEM, Andersson HC, Eilola K, Gustafsson BG, et al.",2012,Comparing reconstructed past variations and future projections of the Baltic Sea ecosystem—first results from multi-model ensemble simulations,Environmental Research Letters,10.1088/1748-9326/7/3/034005,146,"Multi-model ensemble (BALTSEM, RCO-SCOBI, ERGOM, BaltProWeb)",Coupled physical-BGC-food web ensemble,"412,000 km²",1850-2098,Baltic region countries,Baltic Sea,27.IIId,NA,NA,NA,NA,NA,Regional (Baltic only); ensemble spread in some variables; food web simplified,5,NA,NA,Key finding: Future conditions may exceed anything since 1850; management can override climate effects
ART_0007,NA,"Watson JR, Siegel DA, Kendall BE, Mitarai S, Rassweiller A, Gaines SD",2011,Identifying critical regions in small-world marine metapopulations,Proceedings of the National Academy of Sciences,10.1073/pnas.1111461108,145,Metapopulation network model + ROMS,Biophysical connectivity + network theory,Southern California Bight (~600 km coastline),Present (8-year simulation),USA (California),Pacific - Northeast (Southern California Bight),77,NA,NA,NA,NA,NA,Regional focus; simplified population dynamics; no fishing scenarios,5,NA,NA,Key finding: Small-world properties; protecting highly connected hubs reduces collapse risk
ART_0558,NA,"Andrello M, Mouillot D, Beuvier J, Albouy C, Thuiller W, Manel S",2013,Low Connectivity between Mediterranean Marine Protected Areas: A Biophysical Modeling Approach for the Dusky Grouper Epinephelus marginatus,PLoS ONE,10.1371/journal.pone.0068564,144,Lagrangian particle tracking + graph theory,Biophysical connectivity model,Mediterranean-wide (2.5 million km²),Present (2001-2008 climatology),Mediterranean countries (99 MPAs),Mediterranean Sea,37,NA,NA,NA,NA,NA,Single species (E. marginatus); no population dynamics; static MPA network,5,NA,NA,"Key finding: MPAs clustered, 20% shelf unconnected; 2 MPAs critical for multi-generational connectivity; climate warming may reduce connectivity"
ART_0551,NA,"Reiss H, Birchenough S, Borja A, Buhl-Mortensen L, et al.",2015,Benthos distribution modelling and its relevance for marine ecosystem management,ICES Journal of Marine Science,10.1093/icesjms/fsu107,154,Species Distribution Models (SDMs) - review,SDM review,Variable,Present to 2100,Global,Global (review focus),Multiple,NA,NA,NA,NA,NA,Review (no new model); benthos focus; variable model quality,4,NA,NA,"Key applications: invasion early warning, protected species assessment, MPA design, climate projections"
ART_0106,NA,"Law R, Plank MJ, Kolding J",2012,The consequences of balanced harvesting of fish communities,ICES Journal of Marine Science,10.1093/icesjms/fss031,139,Size-spectrum community model,Size spectrum model,Conceptual,Theoretical steady state,NA (theoretical),Global (theoretical),NA,NA,NA,NA,NA,NA,Theoretical (not parameterized); no spatial component; idealized community,4,NA,NA,Key finding: Unselective balanced fishing yields highest MSY but dominated by small fish; selective fishing produces larger fish in catch
ART_0729,NA,"Chan KMA, Shaw MR, Cameron DR, Underwood EC, Daily GC",2006,Ecosystem Services in Conservation Planning: Targeted Benefits vs. Co-Benefits or Costs?,PLoS ONE,10.1371/journal.pone.0024378,135,Marxan,Conservation prioritization,"Central Interior BC (~65,000 km²)",Present,Canada (British Columbia),NA,NA,NA,NA,NA,NA,NA,Terrestrial focus; limited ES considered; single region,4,NA,NA,Key finding: ES as co-benefits/costs more cost-effective than as targets; timber as opportunity cost reduces network cost 15%
ART_0324,NA,"Sydeman WJ, Thompson SA, Kitaysky A",2012,Seabirds and climate change: roadmap for the future,Marine Ecology Progress Series,10.3354/meps09806,133,NA - Meta-analysis/roadmap,Review/meta-analysis,Global,Literature to 2011,Global,Global,Multiple,NA,NA,NA,NA,NA,Review only; no new model; seabird focus,3,NA,NA,Key recommendation: Need for mechanistic end-to-end models integrating climate-ocean-food web-population dynamics
ART_0731,NA,NA,2015,Integrating multiple species connectivity and habitat quality into conservation planning for coral reefs,Ecography,https://doi.org/10.1111/ecog.01507,133,NA,Marxan + Biophysical connectivity,Brazilian coral reefs (NE/E coast),Not specified (static connectivity analysis),NA,NA,NA,"4 reef species: brooding coral, broadcasting coral, snapper, surgeonfish",NA,MPA network design; Connectivity-informed reserve selection,"Dispersal barriers vary across species; no spatial concordance of high-quality sources, self-persistent, and stepping-stone reefs across species. Including habitat quality significantly reduces potential reproductive output. Multi-species matrices unreliable as surrogates for individual species connectivity.","First integration of: (1) multiple species with different dispersal abilities, (2) habitat quality weighted connectivity metrics, (3) ecologically-informed parameters in Marxan for coral reef planning",Static analysis; limited to 4 species; Brazilian reef-specific parameterization; requires high-resolution oceanographic data,5,NA,NA,Excellent methodological advancement for connectivity-informed MPA design. Directly addresses BRIDGES scope on spatial modeling for marine management.
ART_1079,NA,NA,2014,Integrating Biological and Social Values When Prioritizing Places for Biodiversity Conservation,Conservation Biology,https://doi.org/10.1111/cobi.12257,128,NA,Zonation + SDM,"Victoria, Australia",Current distributions,NA,NA,NA,7 threatened fauna species,NA,Conservation planning; Stakeholder engagement; Land-use planning,"Integrating social values and development preferences with biological data produces different spatial prioritizations but achieves similar species representation. Identifies synergies and conflicts between value sets, enabling targeted communication strategies.",First systematic integration of PPGIS (Public Participation GIS) social values data into Zonation prioritization; demonstrates socially feasible solutions maintain biological value,Terrestrial focus (but methods applicable to marine); limited to 7 species; survey-dependent social data,4,NA,NA,Valuable for stakeholder integration in marine spatial planning. Social data methods transferable to coastal/marine contexts.
ART_0104,NA,NA,2015,Comparison of morphological and DNA metabarcoding analyses of diets in exploited marine fishes,Marine Ecology Progress Series,https://doi.org/10.3354/meps11524,128,NA,Ecosystem model parameterization (methodological),"Southeast Australia (Commonwealth Trawl Sector, SESSF)",Contemporary sampling,NA,NA,NA,8 exploited fish species; diverse prey taxa,NA,Ecosystem-based fisheries management; Food web parameterization for ecosystem models,"HTS (High-Throughput Sequencing) achieves similar taxon richness but significantly higher taxonomic resolution than microscopy. DNA barcode choice (COX1, 16S, 18S) affects resolution and phylogenetic breadth. HTS reveals previously unrecorded dietary items and parasite assemblages.",First systematic comparison of morphological vs. DNA metabarcoding for parameterizing ecosystem models in fisheries context; demonstrates HTS potential for EBM,Methodological comparison rather than model application; requires reference database development; semi-quantitative biomass estimates,4,NA,NA,Important methodological contribution for improving ecosystem model food web structure. Enables better EBM parameterization.
ART_0089,NA,NA,2015,Mixed effects: a unifying framework for statistical modelling in fisheries biology,ICES Journal of Marine Science,https://doi.org/10.1093/icesjms/fsu213,125,NA,Statistical framework (review/tutorial),Global (conceptual framework),N/A (framework applicable to any temporal scale),NA,NA,NA,Fish populations generally; examples include various commercial species,NA,Fisheries stock assessment; Abundance index estimation; Spatial distribution modeling; Individual growth modeling,"Mixed-effects modeling provides unified framework for: (1) handling non-independence from latent states, (2) unifying time-series, spatial, and individual-based approaches, (3) increasingly practical implementation via ADMB-RE and R-INLA",Synthesizes disparate fisheries modeling approaches under single statistical framework; provides 4 worked examples with code; bridges theoretical statistics and practical fisheries applications,Review/tutorial rather than applied study; computational demands for complex models; requires statistical expertise,4,NA,NA,Foundational statistical framework underpinning many modern fisheries spatial models. Essential methodological reference.
ART_0725,NA,NA,2017,Priority areas for biodiversity conservation in mainland Ecuador,Neotropical Biodiversity,https://doi.org/10.1080/23766808.2017.1295705,124,NA,Marxan + SDM (MaxEnt),Mainland Ecuador,Current + 2050 climate projections (A1B scenario),NA,NA,NA,"744 species (vascular plants, birds, amphibians, reptiles) + 87 ecosystems",NA,National protected area expansion; Land-use planning; SocioBosque program support,"Marxan solution covers 24% (3.64M ha) of remnant vegetation; 35% already in PANE, 13% in SocioBosque. Major conservation gaps in Southern Andes, Central Amazonia, Central/Southern Coast. Climate turnover heterogeneous across regions.","Integrates SDMs with Marxan for megadiverse country; combines biodiversity surrogates with climate adaptation criteria, ecosystem conversion risk, carbon, and accessibility layers",Terrestrial focus (but methodology applicable to marine); single emission scenario; static ecosystem targets,4,NA,NA,Exemplary national-scale conservation planning. Methods transferable to marine contexts. Climate adaptation integration valuable.
ART_0093,NA,"Howell D, Schueller AM, Bentley JW, Buchheister A, Chagaris D, Cieri M, Drew K, Lundy MG, Pedreschi D, Reid DG, Townsend H",2021,Combining Ecosystem and Single-Species Modeling to Provide Ecosystem-Based Fisheries Management Advice Within Current Management Systems,Frontiers in Marine Science,10.3389/fmars.2020.607831,123,EwE + Single-species stock assessment,Multi-model integration,US Atlantic (Atlantic menhaden); Irish Sea (multispecies fisheries),Operational (annual TAC setting),NA,NA,NA,NA,NA,Direct TAC setting; ecological reference points for forage fish; ecosystem-informed quota advice within existing management frameworks,Successful implementation in two management systems. For menhaden: ecological reference points account for predator needs. For Irish Sea: ecosystem variability influences quota setting within ICES PGY ranges. Both retain single-species model precision while adding ecosystem context.,First operationalized framework combining ecosystem model strategic advice with single-species tactical advice for TAC setting. Introduces Feco concept - ecosystem-adjusted fishing mortality that stays within PGY ranges.,Assumes ecosystem model correctly captures dynamics; F translation between models can be uncertain; requires both model types to be well-developed,5,NA,NA,Landmark paper for operational EBFM. Two independent case studies demonstrate generalizability.
ART_0323,NA,"Albouy C, Guilhaumon F, Leprieur F, Ben Rais Lasram F, Somot S, Aznar R, Velez L, Le Loc'h F, Mouillot D",2012,Projected climate change and the changing biogeography of coastal Mediterranean fishes,Journal of Biogeography,10.1111/jbi.12013,122,Ensemble SDM + NEMOMED8,Species distribution model,"Mediterranean Sea (entire basin, continental shelf)",Current to 2099 (mid-century and end-century projections),NA,NA,NA,NA,NA,Climate adaptation planning; MPA network design under climate change; fisheries adaptation strategies,"1.4°C warming by mid-century, 2.8°C by end-century. 54 species lose climatically suitable habitat by 2099. Species richness decreases across 70.4% of continental shelf. Mean body size increases over 74.8% of shelf (loss of small species). Western Mediterranean and Aegean Sea most affected.",First comprehensive ensemble SDM projection for Mediterranean coastal fish using regional climate model (NEMOMED8). Combines species richness and body size predictions.,No dispersal constraints modeled; no biotic interactions; assumes niche conservatism; uncertainty in thermal tolerance,5,NA,NA,Highly influential for Mediterranean climate impact assessment. Founded subsequent work on functional/phylogenetic diversity impacts.
ART_1069,NA,"Ainsworth CH, Paris CB, Perlin N, Dornberger LN, Patterson WF III, Chancellor E, Murawski S, Hollander D, Daly K, Romero IC, Coleman F, Perryman H",2018,Impacts of the Deepwater Horizon oil spill evaluated using an end-to-end ecosystem model,PLOS ONE,10.1371/journal.pone.0190840,122,ATLANTIS-GOM,End-to-end ecosystem model,"Gulf of Mexico (entire basin, 66 polygons, 7 depth layers)",2010-2060 (50-year simulations post-spill),NA,NA,NA,NA,NA,Oil spill damage assessment; ecosystem recovery planning; fisheries management post-disaster; closure evaluation,Large reef fish biomass decreased 25-50% in most affected areas; large demersal fish decreased 40-70%. Recruitment effects and fishery closures had little influence compared to direct mortality/growth impacts. Missing generation of fish predicted. Recovery time decades for some guilds.,First coupling of Lagrangian oil dispersion model with ATLANTIS ecosystem model. Dose-response relationships for fish mortality and growth from PAH exposure. Validated against independent ROV and tagging data.,Uncertainty in oil concentration estimates; simplified dose-response; model complexity limits uncertainty quantification,5,NA,NA,Key paper from C-IMAGE consortium. Demonstrated ecosystem-scale oil spill impacts far beyond immediate spill zone.
ART_0662,NA,"Magris RA, Costa MDP, Ferreira CEL, Vilar CC, Joyeux JC, Creed JC, Copertino MS, Horta PA, Sumida PYG, Francini-Filho RB, Floeter SR",2020,A blueprint for securing Brazil's marine biodiversity and supporting the achievement of global conservation goals,Diversity and Distributions,10.1111/ddi.13183,121,Marxan + Cumulative Impact Assessment,Conservation prioritization,"Brazil EEZ (Southwest Atlantic Ocean, ~3.5 million km²)",Current (with climate change vulnerability assessment),NA,NA,NA,NA,NA,National MPA network expansion; CBD Aichi Target 11 compliance; SDG 14 implementation; land-sea planning integration,"Industrial fisheries, climate change, and land-based activities are most severe threats. Systematic approach increases MPA coverage by only 7.9% compared to stakeholder proposals but with better biodiversity outcomes. Highest priorities in nearshore areas due to cumulative impacts.","First comprehensive integration of cumulative impact assessment with Marxan for Brazil's EEZ. Combines representation, connectivity, and threat mitigation in single framework. Compares systematic priorities vs stakeholder-proposed MPAs.",Data gaps in deeper waters; species distribution uncertainty; static threat assessment,5,NA,NA,Blueprint for Brazil's marine conservation. Strong policy relevance for expanding MPA network.
ART_0127,NA,"Alós J, Palmer M, Arlinghaus R",2012,Consistent Selection towards Low Activity Phenotypes When Catchability Depends on Encounters among Human Predators and Fish,PLOS ONE,10.1371/journal.pone.0048030,121,Individual-Based Model (fishing selection),Agent-based model,Theoretical (parameterized from Mediterranean - Balearic Islands),Simulated fishing seasons,NA,NA,NA,NA,NA,Understanding fishing-induced evolution; gear selectivity assessment; harvest control considering behavioral diversity,"Fishing consistently selects against high-activity phenotypes across all gear types tested. Selection differential strongest for passive gears (hooks, traps). Even short-term fishing can exert strong selection on behavioral traits. Home range size and activity are key determinants of vulnerability.","First IBM explicitly linking individual fish behavior (activity, home range) to catchability through mechanistic encounter rates. Demonstrates fishing-induced selection on behavioral traits beyond body size.",Simplified 2D movement; no social interactions; single species parameterization; no genetic component,4,NA,NA,Important for understanding non-size-selective fishing impacts. Foundational for fishing-induced evolution research.
ART_0099,NA,"Jennings S, Collingridge K",2015,"Predicting Consumer Biomass, Size-Structure, Production, Catch Potential, Responses to Fishing and Associated Uncertainties in the World's Marine Ecosystems",PLOS ONE,10.1371/journal.pone.0133794,121,Size-based macroecological model + mizer,Size spectrum model,Global oceans (all Large Marine Ecosystems),Equilibrium predictions; fishing scenarios,NA,NA,NA,NA,NA,Global fisheries potential assessment; ecosystem-based reference points; climate-fisheries projections baseline,Global consumer biomass (1g-1000kg): median 4.9 billion tonnes (90% CI: 0.3-26.1 billion tonnes). Uncertainty driven primarily by trophic transfer efficiency. ~77% of biomass in deep/offshore waters (visually misleading abundance near coasts). Fishing selectivity strongly affects sustainable yield estimates.,First global-scale uncertainty quantification for marine consumer biomass using Monte Carlo parameter sampling. Couples simple macroecological model with dynamic size-trait model (mizer) for fishing impacts.,Equilibrium assumption; no spatial dynamics; limited validation data; aggregate size classes,4,NA,NA,Key reference for global fish biomass estimates. Foundational for FishMIP model intercomparison.
ART_0026,NA,"Dubois M, Rossi V, Ser-Giacomi E, Arnaud-Haond S, López C, Hernández-García E",2016,"Linking basin-scale connectivity, oceanography and population dynamics for the conservation and management of marine ecosystems",Global Ecology and Biogeography,10.1111/geb.12431,119,Lagrangian biophysical model + Network Theory,Connectivity model,"Mediterranean Sea (entire basin, 871 sub-regions)",Multi-year simulations (seasonal to interannual variability),NA,NA,NA,NA,NA,MPA network design; genetic connectivity inference; population structure hypothesis generation; offshore reserve planning,"Retention weak in open ocean but significant in coastal areas. Wind-driven divergent regions = larval sources; convergent regions = larval sinks. Connectivity metrics (retention, betweenness, source/sink) are interrelated under specific conditions. Coastlines with sluggish circulation favor retention.",First basin-scale systematic characterization of Mediterranean larval connectivity using network theory. Links retention/exchange metrics to oceanographic features (wind-driven divergence/convergence). Demonstrates interrelationship among connectivity metrics.,Generic PLD (30 days); no larval behavior; no settlement habitat; validation limited to indirect evidence,5,NA,NA,Foundational for Mediterranean connectivity research. Framework for interpreting genetic patterns.
ART_0565,NA,"Rowden AA, Anderson OF, Georgian SE, Bowden DA, Clark MR, Pallentin A, Miller A",2017,"High-Resolution Habitat Suitability Models for the Conservation and Management of Vulnerable Marine Ecosystems on the Louisville Seamount Chain, South Pacific Ocean",Frontiers in Marine Science,10.3389/fmars.2017.00335,118,"Ensemble HSM (BRT, GAM, Random Forest)",Habitat suitability model,"Louisville Seamount Chain (SPRFMO Convention Area, South Pacific)",Current distribution prediction,NA,NA,NA,NA,NA,SPRFMO bottom fishing spatial closures; VME protection; seamount management; fisheries impact assessment,"Abundance models outperform presence-absence models. Ensemble models have lower uncertainty. Suitable coral habitat concentrated at summit-slope breaks and along flanks ridges. Coral reef VME habitat occurs in small, isolated patches. Most seamount area unsuitable for VME.","First high-resolution (25m) HSM for VME taxa on seamounts. Compares BRT, GAM, RF and ensemble approaches. Translates coral abundance thresholds to VME habitat definition. Within-seamount spatial closure feasibility assessment.",Limited to surveyed seamounts; no substrate proxy; static predictions; orange roughy fishery context,5,NA,NA,Important for RFMO VME management. Demonstrates feasibility of within-seamount closures.
ART_1097,NA,"Nori J, Lescano JN, Illoldi-Rangel P, Frutos N, Cabrera MR, Leynaud GC",2016,"Protected areas and spatial conservation priorities for endemic vertebrates of the Gran Chaco, one of the most threatened ecoregions of the world",Diversity and Distributions,10.1111/ddi.12497,119,Zonation + MaxEnt SDM,Conservation prioritization,"Gran Chaco ecoregion (Argentina, Paraguay, Bolivia ~1 million km²)",Current (with climate scenarios),NA,NA,NA,NA,NA,Protected area expansion; conservation gap analysis; endemic species protection; land-use planning,Current protected areas cover <15% of high-priority areas for endemics. Major conservation gaps in dry Chaco. Reptiles and amphibians most poorly represented. Priority areas concentrate in ecotones and highland refugia.,First comprehensive spatial prioritization for Gran Chaco endemics. Combines SDMs with Zonation for systematic planning. Gap analysis of existing protected areas.,Terrestrial focus (not marine); limited dispersal consideration; static climate baseline,4,NA,NA,Important for South American conservation. Terrestrial study but Zonation methodology relevant to marine applications.
ART_0342,NA,"Moullec F, Barrier N, Drira S, Guilhaumon F, Marsaleix P, Somot S, Ulses C, Velez L, Shin Y-J",2019,An End-to-End Model Reveals Losers and Winners in a Warming Mediterranean Sea,Frontiers in Marine Science,10.3389/fmars.2019.00345,117,OSMOSE-MED + NEMOMED12,End-to-end ecosystem model,Mediterranean Sea (entire basin),"Historical (1980-2013) + projections (2014-2099, RCP8.5)",NA,NA,NA,NA,NA,Climate adaptation for Mediterranean fisheries; species-specific management strategies; ecosystem-based climate planning,"Total consumer biomass decreases 22% by 2099. Winners: small pelagics (anchovy, sardine), thermophilic species. Losers: demersal species, cold-water species, large predators. Western Mediterranean most impacted. Trophic amplification of climate impacts.",First end-to-end (physics to fish) projection of Mediterranean marine ecosystems under climate change. Identifies species-specific winners and losers. Combines biogeochemical forcing with multispecies dynamics.,RCP8.5 only; uncertain plankton responses; fishing held constant; no economic modeling,5,NA,NA,Key climate projection for Mediterranean fisheries. Identifies adaptation priorities.
ART_0330,57,Forney,2012,Habitat-based spatial models of cetacean density in the eastern Pacific Ocean,Endangered Species Research,NA,117,GAM Density Surface Model,SDM,Eastern Pacific Ocean (California Current Ecosystem + Eastern Tropical Pacific),1986-2006 (CCE: 1991-2005; ETP: 1986-2006),NA,NA,NA,"22 cetacean species/groups (blue whale, humpback, beaked whales, dolphins, porpoises)",NA,Environmental Impact Assessments; Navy sonar impact assessments; ship strike risk reduction; MPA planning; seasonal management zones,Models successfully validated for 22 species. SST and MLD key predictors for most species. Blue whale density linked to productivity gradients. Beaked whales associated with deep water. Density predictions provide finer resolution than traditional line-transect estimates.,"First large-scale validated habitat-based density models for multiple cetacean species in Eastern Pacific. Combines line-transect distance sampling with GAM spatial modeling. Uses dynamic environmental covariates (SST, SSS, MLD, chlorophyll) for spatially explicit density predictions.",Summer/fall surveys only; some species data-limited; model stationarity assumptions,5,NA,NA,Foundational paper for operational cetacean SDMs; enables quantitative impact assessment
ART_0111,58,Clay,2019,A comprehensive large-scale assessment of fisheries bycatch risk to threatened seabird populations,Journal of Applied Ecology,NA,116,Spatial overlap risk assessment,Risk Assessment,Southern Ocean (circumpolar from South Georgia breeding populations),1992-2017 (tracking data); 2012-2017 (fishing effort),NA,NA,NA,"4 threatened seabird species: Wandering albatross, Black-browed albatross, Grey-headed albatross, White-chinned petrel",NA,CCAMLR and RFMO bycatch mitigation; seabird conservation planning; fisheries management; Albatross Task Force priorities,"High spatial overlap between seabirds and fisheries in SW Atlantic, Indian Ocean sectors. Bycatch risk varies by life stage - non-breeders and immatures face highest exposure. Overlap regions correspond with documented high bycatch rates. Potential bycatch risk decreased since early 2000s but populations still declining.","First comprehensive assessment integrating all life-history stages (breeding adults, non-breeders, immatures, juveniles) in bycatch risk analysis. Framework for population-weighted distributions from biologging data. Largest seabird tracking dataset used for risk assessment (1697 tracks, 790 individuals).",South Georgia populations only; some fisheries underrepresented in AIS; temporal mismatch between tracking and effort data,5,NA,NA,Landmark paper for seabird-fisheries risk assessment; methodology now widely adopted
ART_0501,59,Atkinson,2017,"KRILLBASE: a circumpolar database of Antarctic krill and salp numerical densities, 1926-2016",Earth System Science Data,NA,114,KRILLBASE,Database,"Southern Ocean (circumpolar, south of Antarctic Polar Front)","1926-1939 and 1976-2016 (90 years, 56 seasons)",NA,NA,NA,Antarctic krill (Euphausia superba) and salps (Salpidae family),NA,CCAMLR krill fishery management; ecosystem monitoring; climate change assessment; food web modeling; predator-prey dynamics,"Database contains 15,194 net hauls (12,758 krill, 9,726 salp records). Standardized values typically 2.2x raw values due to sampling corrections. Clear circumpolar distribution patterns with highest densities in Scotia Sea and WAP. Krill and salps show complementary distributions.","First comprehensive circumpolar database of Antarctic krill and salp abundance. Data rescue and compilation from 10 nations. Standardization methodology corrects for sampling method differences (net type, time of day, season). Enables large-scale trend analysis and ecosystem modeling.",Net sampling underestimates mobile krill; standardization has uncertainties; spatial coverage uneven; recent data bias,5,NA,NA,Essential resource for Southern Ocean ecosystem research; enables long-term trend analysis
ART_0550,60,Sinervo,2010,Erosion of Lizard Diversity by Climate Change and Altered Thermal Niches,Science,NA,114,Ecophysiological extinction model,SDM,Global (Mexico primary; validated on 4 continents),1975-2009 (validation); projections to 2080,NA,NA,NA,48 Mexican Sceloporus lizard species; global lizard families,NA,Climate adaptation planning; extinction risk assessment; reserve design under climate change; prioritization of vulnerable species,12% of Mexican populations extinct since 1975. 4% of global populations extinct by 2009. Projected 39% local extinctions by 2080; 20% species extinctions. Viviparous species at higher risk (cannot shift breeding phenology). Model successfully hindcast extinctions on 4 continents.,First global validated model linking thermal physiology to observed extinctions. Mechanistic approach using hours of restriction (hr) - time when environmental temperatures exceed activity thresholds. Validated predictions with actual documented local extinctions.,Assumes no microhabitat buffering; limited dispersal consideration; behavioral plasticity underestimated,5,NA,NA,Landmark paper demonstrating climate-driven extinctions are already occurring; highly cited
ART_0013,61,Bode,2019,Successful validation of a larval dispersal model using genetic parentage data,PLOS Biology,NA,113,Lagrangian biophysical dispersal model,Connectivity Model,"Great Barrier Reef (3 reef clusters, 60-220 km separation)",Multi-year simulations validated against 2007-2014 genetic data,NA,NA,NA,Coral reef fish (Plectropomus maculatus and P. leopardus - coral trout/groupers),NA,MPA network design validation; connectivity assessment; reserve spacing optimization; fisheries replenishment,Validated model predicts consistent connectivity patterns with genetic parentage assignments. Models slightly overpredict short-distance dispersal. Median dispersal distances ~110-190 km. Long-distance dispersal (up to 250 km) confirmed by both model and genetics.,First successful validation of biophysical larval dispersal model using genetic parentage data. Demonstrates that properly parameterized models can accurately predict larval connectivity. Provides methodology for model validation essential for MPA design.,Relies on intensive genetic sampling; species-specific; validation limited to two grouper species,5,NA,NA,Critical proof that biophysical models can be trusted for MPA design decisions
ART_0185,62,Limburg,2020,Ocean Deoxygenation: A Primer,One Earth,NA,115,Review/Synthesis (no specific model),Review,Global ocean (coastal and open ocean),Mid-20th century to present + future projections,NA,NA,NA,Marine ecosystems generally; fish and invertebrates specifically affected,NA,Climate mitigation policy; nutrient reduction strategies; fisheries adaptation; coastal zone management; ecosystem-based management,"1-2% global ocean O2 inventory lost since mid-20th century. >700 coastal sites with new/worsening low O2. Climate warming reduces O2 solubility and ventilation. Eutrophication drives coastal hypoxia. Impacts include habitat compression, reduced growth, reproductive impairment, disease susceptibility.","First comprehensive accessible primer on ocean deoxygenation for broad audience. Synthesizes mechanisms (climate warming, eutrophication), scale (1-2% global O2 loss, 700+ coastal dead zones), and impacts (individual to ecosystem level). Integrates human well-being impacts.",Review not primary research; limited quantitative projections; regional variation not fully captured,4,NA,NA,Excellent accessible introduction to deoxygenation; valuable for non-specialists
ART_0400,63,Brooks,2018,Factors controlling the seasonal distribution of pelagic Sargassum,Marine Ecology Progress Series,NA,114,HYCOM-Lagrangian Sargassum growth model,Coupled physical-biological model,"North Atlantic (tropical Atlantic, Sargasso Sea, Gulf of Mexico, Caribbean)",Annual cycle simulations; satellite validation 2002-2014,NA,NA,NA,Pelagic Sargassum (S. fluitans and S. natans),NA,Sargassum beaching prediction; Caribbean coastal management; tourism sector planning; ecosystem monitoring,"Passive advection alone explains only 60% of distribution during some periods. Adding growth, mortality, fragmentation achieves 65-75% accuracy. Sargasso Sea acts as 'dead end' for Sargassum. Gulf of Mexico and Western Tropical Atlantic disproportionately influence basin biomass. Tropical Atlantic population new since 2011.","First coupled modeling approach integrating ocean circulation with Sargassum physiology to explain seasonal distributions. Demonstrates that advection alone is insufficient - growth, mortality, and fragmentation essential for realistic predictions. Proposes conceptual seasonal cycle model.",Simplified physiology; single morphotype; uncertain fragmentation rates; limited validation data pre-2011,5,NA,NA,Foundational for understanding Sargassum blooms causing Caribbean inundations since 2011
ART_0625,64,Flórez,2014,Defensive symbiosis: a microbial perspective,Functional Ecology,NA,114,Review (no specific model),Review,Global (conceptual - all ecosystems),N/A - conceptual review,NA,NA,NA,"Symbiotic microbes providing chemical defense to hosts (insects, marine invertebrates, plants)",NA,Limited direct spatial modeling relevance; useful for understanding ecosystem function and bioactive compound discovery,Defensive symbionts widespread across metazoan phyla. Chemical compounds often novel natural products. Symbionts can be vertically or horizontally transmitted. Defense effectiveness context-dependent. Symbiosis can drive host diversification.,"Synthesizes defensive symbiosis across terrestrial and marine systems from microbial perspective. Identifies common themes in chemical defense production, ecological contexts, and evolutionary implications.",Not a spatial model; limited quantitative application; primarily terrestrial focus,2,NA,NA,Out of scope for BRIDGES spatial modeling focus - may be false positive in database
ART_0792,65,Unknown,2019,Human capital and poverty reduction in OPEC member-countries,Unknown,NA,116,InVEST (listed) - needs verification,Unclear,OPEC countries,Unclear,NA,NA,NA,N/A - human/economic focus,NA,Likely not applicable to marine management,Needs verification - likely not marine/spatial relevant,Unclear - needs verification; likely false positive in marine database,Likely out of scope for BRIDGES,1,NA,NA,Needs manual verification - title suggests non-marine focus. May be database error.
ART_0550,66,Jones,2013,Predicting the Impact of Climate Change on Threatened Species in UK Waters,PLOS ONE,NA,114,Ensemble SDM (3 models),SDM,North Sea and UK waters,1985 baseline; projections to 2050,NA,NA,NA,"7 threatened marine species (skates, rays) + 10 commercial demersal fish species",NA,MPA effectiveness assessment under climate change; threatened species conservation; bycatch risk mitigation; UK marine spatial planning,"Species projected to shift northward at ~27 km/decade average. Critically Endangered D. batis may gain 40% suitable habitat if able to disperse. R. alba faces increased bycatch risk due to increased overlap with commercial species. Protected areas show variable future suitability - some improve, others decline.","First multi-model ensemble SDM approach for threatened marine vertebrates in UK waters. Combines three SDMs with two climate projections (GFDL, CMIP3). Assesses protected area effectiveness under climate change. Calculates bycatch risk through range overlap between commercial and threatened species.",Single region (UK); limited dispersal modeling; 2050 horizon only; assumes static protected areas,5,NA,NA,Important for UK marine conservation planning; demonstrates multi-model ensemble value
ART_1082,67,Schulp,2016,Use of demand for and spatial flow of ecosystem services to identify priority areas,Conservation Biology,NA,113,Zonation (ES demand-flow),Spatial Conservation Prioritization,European Union (terrestrial),Contemporary mapping,NA,NA,NA,"Ecosystem services (carbon, flood regulation, air quality, pollination, urban leisure)",NA,EU land use planning; Natura 2000 network evaluation; green infrastructure planning; ES conservation priority setting,Only 37.1% overlap between priority areas with/without demand accounting. Ignoring ES demand leads to conservation priorities in remote areas with little human benefit. Flow zone approaches enhance ES distribution without major trade-offs. Global ES (carbon) less affected than local ES by demand consideration.,First integration of ES demand and flow zones into spatial prioritization using Zonation. Tests multiple approaches to account for supply-demand connections. Demonstrates that ignoring demand leads to priority areas in remote regions with low societal benefit.,Terrestrial focus (not marine); static ES maps; simplified flow models,3,NA,NA,Primarily terrestrial but methodology applicable to marine ES; valuable for coastal/marine ES planning
ART_0255,68,Shenton,2010,Bayesian network models for environmental flow decision-making: 1. Latrobe River Australia,River Research and Applications,NA,112,Bayesian Network (eFlow DSS),Decision Support System,"Latrobe River, Victoria, Australia (freshwater)",Flow scenarios and management decisions,NA,NA,NA,Australian Grayling (Prototroctes maraena) and River Blackfish (Gadopsis marmoratus),NA,Environmental flow allocation; dam release optimization; water sharing plans; fisheries conservation,BN successfully integrates expert knowledge with available data. Identifies critical flow requirements for spawning and juvenile recruitment. Provides probabilistic predictions of fish population outcomes under different flow scenarios. Demonstrates transparency in decision-making process.,First application of BN for transparent environmental flow decision-making with explicit uncertainty handling. Links flow regimes to fish life history stages. Provides probability distributions for management outcomes rather than point estimates.,Freshwater focus; data-limited system requires expert opinion; single river system,4,NA,NA,Freshwater system but methodology highly transferable to coastal/estuarine systems
ART_0745,69,Brooks,2013,Competing values on the Antarctic high seas: CCAMLR and the challenge of marine-protected areas,The Polar Journal,NA,112,Policy analysis (not a spatial model),Review/Policy Analysis,Southern Ocean (CCAMLR Convention Area),1982-2013 (fisheries trends and MPA negotiations),NA,NA,NA,Antarctic krill and toothfish fisheries; broader MPA network,NA,CCAMLR MPA policy; high seas governance; international conservation negotiation strategy,Number of CCAMLR fishing States increased 4-fold since 1982. Toothfish brings 20x more profit than krill despite lower catch. Ross Sea and East Antarctic MPA proposals stalled due to fishing State objections. Russian delegation questioned CCAMLR's legal authority for MPAs.,Comprehensive policy analysis of barriers to Southern Ocean MPA adoption. Documents the rise of toothfish fishing interests as obstacle to conservation. First detailed examination of CCAMLR MPA negotiation process.,Not a spatial modeling study; policy focus rather than technical,2,NA,NA,Important context for CCAMLR spatial planning but not a modeling study per se
ART_1043,70,Trites,2017,Ecosystem Change and the Decline of Marine Mammals in the Eastern Bering Sea: Testing the Ecosystem Shift and Commercial Whaling Hypotheses,Fisheries Centre Research Reports (UBC),NA,111,Ecopath with Ecosim (EwE),Food Web Model,Eastern Bering Sea,1950s vs 1980s comparison,NA,NA,NA,"Marine mammals (seals, sea lions, whales); pollock; large flatfish; entire food web",NA,Bering Sea fisheries management; marine mammal recovery planning; ecosystem-based management,Pollock contributed >50% of mid-trophic energy flow in 1980s vs 10% in 1950s. Large flatfish and pollock are significant seal competitors. Marine mammal biomass changes have little effect on other groups. Ecosystem more mature in 1950s. Whale removal had positive effect on pollock through reduced competition.,Tests competing hypotheses for marine mammal declines using comparative EwE models. Examines ecosystem shift vs whaling removal hypotheses. Quantifies energy flow changes across decades.,1950s data uncertainty; static snapshots; limited spatial resolution,5,NA,NA,Important for understanding ecosystem-level impacts of fishing and environmental change
ART_0301,71,Olsen,2016,Ecosystem Model Skill Assessment. Yes We Can!,PLOS ONE,NA,108,Atlantis (skill assessment framework),Methodological/Validation,Northeast US continental shelf (case study),40-year hindcast and 10-year forecast validation,NA,NA,NA,"Multiple species (fish biomass, landings, ecosystem indicators)",NA,Ecosystem model validation protocols; management strategy evaluation; model credibility assessment,NEUS Atlantis model performs above average for key species. Forecast skill comparable to hindcast skill - critical for management use. Multiple metrics essential for comprehensive assessment. Framework applicable to any predictive model.,"First comprehensive skill assessment of a full marine ecosystem model. Develops best-practice framework using multiple metrics (RMSE, AAE, MEF, correlation). Demonstrates 10-year forecast skill comparable to hindcast skill.",Single model/region tested; skill varies by species,5,NA,NA,Essential reading for anyone using ecosystem models for management
ART_0025,72,Gilles,2016,"Seasonal habitat-based density models for a marine top predator, the harbor porpoise, in a dynamic environment",Ecosphere,NA,108,GAM Density Surface Model,SDM,"Central and Southern North Sea (UK, Belgium, Netherlands, Germany, Denmark)","2005-2013 (9 years, seasonal)",NA,NA,NA,Harbor porpoise (Phocoena phocoena),NA,EU Habitats Directive assessment; Marine Strategy Framework Directive; offshore wind farm impact assessment; MPA designation,"Models capture seasonal distribution shifts across international boundaries. Depth, distance to shore, distance to sandeel grounds, SST, and fronts are key predictors. Day length proved good proxy for seasonal variation. Southern North Sea shows increasing importance.","First international compilation of porpoise survey data for seasonal SDM across North Sea. Combines SCANS-II with national surveys (156,630 km, 14,356 sightings). Uses day length and SST as season proxies for space-time predictions.",Summer bias in some years; visual surveys only; surface availability,5,NA,NA,Exemplary international collaboration; operational for North Sea spatial planning
ART_0209,73,Unknown,2015,Introduction,Unknown,NA,106,GCM (flagged),Uncertain,Unknown,Unknown,NA,NA,NA,Unknown,NA,Unknown,Cannot extract - insufficient information,Cannot determine - title 'Introduction' suggests book chapter or special issue introduction,Title too generic to identify article,0,NA,NA,FLAGGED: Title 'Introduction' is ambiguous - likely database error or book chapter. Needs manual verification.
ART_0727,74,Schill,2015,No Reef Is an Island: Integrating Coral Reef Connectivity Data into the Design of Regional-Scale Marine Protected Area Networks,PLOS ONE,NA,103,Marxan with larval connectivity,Spatial Conservation Prioritization,Caribbean Basin and Gulf of Mexico (10 marine ecoregions),2008-2011 (8 spawning events simulated),NA,NA,NA,Coral reefs (larval dispersal connectivity),NA,Caribbean-wide MPA network design; transboundary reef conservation; reef resilience planning; Haiti-DR-Cuba corridor,"77% of high-connectivity reefs not in existing MPA network. Mesoamerican Reef, Bahamas, and Cuba are key connectivity corridors. Eastern Caribbean small island reefs vulnerable to isolation. Network graph metrics (betweenness, closeness centrality) identify keystone reefs.",First Caribbean-wide integration of larval connectivity into Marxan MPA design. Quantifies connectivity by EEZ for transboundary planning. Uses asymmetric boundary files based on larval flow rather than Euclidean distance. 4-year multi-spawn synthesis.,Coral focus only; 30-day PLD assumption; no genetic validation,5,NA,NA,Landmark paper for regional marine connectivity-based conservation planning
ART_0246,75,Zorrilla,2010,"Evaluation of Bayesian Networks in Participatory Water Resources Management, Upper Guadiana Basin, Spain",Ecology and Society,NA,101,Bayesian Network (participatory DSS),Decision Support System,"Upper Guadiana Basin, Spain (freshwater/groundwater)",Participatory process evaluation,NA,NA,NA,Wetland ecosystems (affected by groundwater extraction),NA,EU Water Framework Directive implementation; groundwater management; stakeholder conflict resolution,"BN effective for structuring stakeholder discussions. Visual appeal aids communication across groups. Participatory process enhanced understanding of trade-offs. Farmers, authorities, and environmentalists achieved shared understanding.",Develops and tests evaluation criteria for participatory BN modeling. Documents stakeholder engagement process for water conflicts. Provides framework for assessing participatory modeling quality.,Freshwater/terrestrial focus; single case study; qualitative evaluation,3,NA,NA,Freshwater focus but participatory approach valuable for marine stakeholder engagement
ART_0321,76,Plecha,2020,Global marine heatwave events using the new CMIP6 multi-model ensemble: from shortcomings in present climate to future projections,Environmental Research Letters,NA,101,CMIP6 Multi-Model Ensemble,Climate Projection,Global ocean,"Historical (1971-2014); Future (2041-2100) under SSP1-2.6, SSP2-4.5, SSP5-8.5",NA,NA,NA,Marine heatwave events (ecological impacts implied),NA,Climate adaptation planning; marine ecosystem risk assessment; fisheries management under climate change,"MME underestimates observed frequency by 21% and intensity by 31%, overestimates duration by 100%. Future MHWs approach near-permanent state by end-century under high emissions. Intensity increases 0.2-1.5°C depending on pathway. CMIP6 biases similar to CMIP5 - high-resolution models still needed.",First comprehensive CMIP6 MHW assessment. Validates 12 GCMs against NOAA OISST observations. Provides future projections under three emission scenarios. Identifies persistent GCM biases in MHW properties.,Coarse resolution; known GCM biases; no ecosystem coupling,5,NA,NA,Essential baseline for marine ecosystem climate impact assessment
ART_0829,NA,Unknown,2013,Capital Account Policies and the Real Exchange Rate,Unknown - FLAGGED,NA,100,InVEST,NA,Unknown,N/A,NA,NA,NA,N/A,N/A,N/A,NA,"FLAGGED: Title does not match inferred model (InVEST). Appears to be economics paper, not ecosystem services.",DATABASE ERROR - Title does not match expected model type,0,NA,NA,"This appears to be a database error or false positive. The title suggests an economics/policy paper about capital accounts and exchange rates, not an InVEST ecosystem services study. Requires manual verification."
ART_0112,NA,"Georgian SE, Anderson OF, Rowden AA",2019,Ensemble habitat suitability modeling of vulnerable marine ecosystem indicator taxa to inform deep-sea fisheries management in the South Pacific Ocean,Fisheries Research,NA,100,MaxEnt;Random Forest;BRT,NA,"New Zealand EEZ & SPRFMO Convention Area (South Pacific ~24°S-58°S, 143°E-146°W)",Contemporary (model outputs for SPRFMO management),NA,NA,NA,"10 VME indicator taxa (cold-water corals, sponges)","Depth, slope, temperature, aragonite/calcite saturation, substrate, oxygen, currents","SPRFMO bottom trawl fisheries management; VME protection; spatial closure design; multi-country stakeholder planning (NZ, Australia)",NA,"First ensemble SDM combining BRT, MaxEnt, RF with weighted averaging for VME taxa; all models achieved AUC >0.9; ensemble marginally outperformed individual models",Presence-only data; 1km resolution may miss fine-scale features; bias in sampling toward commercially fished areas,5,NA,NA,Excellent example of ensemble SDM for deep-sea conservation. Directly supports UNGA resolutions on VME protection. Model outputs used in active spatial planning.
ART_0719,NA,"Esselman PC, Allan JD",2011,Application of species distribution models and conservation planning software to the design of a reserve network for the riverine fishes of northeastern Mesoamerica,Freshwater Biology,NA,100,Marxan;SDM,NA,"Northeastern Mesoamerica (Belize, Guatemala, Mexico - rivers)",Contemporary,NA,NA,NA,63 freshwater fish species,Landscape-based threats propagated downstream via GIS,Freshwater reserve network design; 15% species range targets; gap analysis of existing protected areas,NA,"Novel Marxan adaptation for river systems accounting for longitudinal connectivity, basin divides, and upstream threat propagation; critical management zones (riparian buffers, migration corridors)",Freshwater not marine; SDM bias from sampling distribution,3,NA,NA,Landmark paper for freshwater Marxan applications. Methods for connectivity and threat propagation highly relevant to marine spatial planning. Network covered 11% of study area.
ART_0664,NA,"Linke S, Kennard MJ, Hermoso V, Olden JD, Stein J, Pusey BJ",2012,Merging connectivity rules and large‐scale condition assessment improves conservation adequacy in river systems,Journal of Applied Ecology,NA,100,Marxan,NA,Australian river systems (freshwater),Contemporary,NA,NA,NA,Freshwater biodiversity,"River condition, upstream impacts, connectivity requirements",Conservation adequacy in freshwater; accounts for natural decay of upstream influences with distance; whole sub-basin vs corridor prioritization,NA,Novel 'virtual boundaries' and distance-weighted penalties for upstream connectivity; connectivity strength modifier (CSM) calibration; merges connectivity rules with condition assessment,Freshwater focus; requires detailed stream network data,3,NA,NA,Important methodological advance for connectivity in systematic conservation planning. The virtual boundaries and distance-weighted penalties could be adapted for larval connectivity in marine systems.
ART_0740,NA,"Plumptre AJ, Fuller RM, Rwetsiba A, Wanyama F, Kujirakwinja D, Driciru M, Nangendo G, Watson J, Possingham HP",2014,Efficiently targeting resources to deter illegal activities in protected areas,Journal of Applied Ecology,NA,100,Marxan,NA,"Greater Virunga Landscape (DRC, Uganda, Rwanda - Africa)",Contemporary + patrol scenarios,NA,NA,NA,"Large mammals (mountain gorillas, elephants), landscape species","Threat distribution (poaching), patrol costs, species distributions",Ranger patrol optimization; anti-poaching; 63% cost reduction while meeting conservation targets; patrol costs $2.2-3.5M vs $6.5M for full coverage,NA,Novel Marxan application for law enforcement allocation; threat mapping combined with conservation targets; cost-efficiency analysis of patrol posts vs mobile patrols,Terrestrial context; assumes static threat distribution,3,NA,NA,Innovative extension of Marxan beyond reserve design to operational management. The patrol optimization approach is directly applicable to marine protected areas for enforcement targeting.
ART_0735,NA,"Lessmann J, Fajardo J, Muñoz J, Bonaccorso E",2016,Large expansion of oil industry in the Ecuadorian Amazon: biodiversity vulnerability and conservation alternatives,Ecology and Evolution,NA,100,Marxan;SDM,NA,"Ecuadorian Amazon (~100,000 km²)",Contemporary + oil development scenarios,NA,NA,NA,"745 species (amphibians, birds, butterflies, mammals, plants); 25 ecosystems","Oil block expansion, deforestation, habitat loss",Conservation planning under development pressure; 68% of Amazon in oil blocks; southern Amazon identified as priority; scenarios achieving 38-85% coverage,NA,"Scenario analysis comparing conservation options under oil expansion; oil block importance index combining species diversity, ecosystem diversity, natural vegetation, priority areas",Terrestrial Amazon; SDM bias from museum specimens; static threat assessment,2,NA,NA,"Demonstrates Marxan use for development-conservation tradeoffs. Relevant to marine contexts where oil/gas development threatens biodiversity (e.g., Arctic, deep-sea)."
ART_0489,NA,"Christensen V, Coll M, Buszowski J, Cheung WWL, Frölicher T, Steenbeek J, Stock CA, Watson RA, Walters CJ",2015,The global ocean is an ecosystem: simulating marine life and fisheries,Global Ecology and Biogeography,NA,97,EwE-type (EcoOcean),NA,Global ocean,Hindcast 1950-2010; future projections,NA,NA,NA,Primary producers to top predators; commercial fish stocks; 60 functional groups,"SST, NPP, oxygen, fishing effort by fleet and gear type",Global fisheries management; climate change impact assessment; evaluation of alternative management scenarios on seafood supply,NA,First spatially-explicit global marine food web model; integrates biogeochemical forcing (NPP) with fisheries dynamics; Markov chain stock reduction analysis for calibration,Coarse resolution for local management; functional group aggregation; calibration challenges,5,NA,NA,Landmark paper establishing EcoOcean as global marine ecosystem model. Enables scenario testing of fisheries management and climate change at global scale. Most detailed global fisheries model ever constructed.
ART_0154,NA,"Large SI, Fay G, Friedland KD, Link JS",2013,Defining trends and thresholds in responses of ecological indicators to fishing and environmental pressures,ICES Journal of Marine Science,NA,97,GAM,NA,"Northeast Shelf Large Marine Ecosystem (USA, Cape Hatteras to Nova Scotia)",1964-2010 time series,NA,NA,NA,Fish community indicators,"AMO (Atlantic Multidecadal Oscillation), SST, fishing pressure (landings)",Ecosystem-based fisheries management (EBFM); reference point development; identifying critical pressure values,NA,Empirical determination of numerical thresholds where fishing and environmental pressures significantly alter ecological indicators; non-linear GAM relationships,Correlative relationships; assumes stationarity in ecological processes,4,NA,NA,Important methodological contribution for identifying ecosystem thresholds. Directly supports EBFM implementation by providing quantitative pressure-response relationships.
ART_0335,NA,"Christensen V, de la Puente S, Sueiro JC, Steenbeek J, Majluf P",2014,Valuing seafood: The Peruvian fisheries sector,Marine Policy,NA,97,EwE,NA,Peruvian marine ecosystem (Humboldt Current),2009 baseline,NA,NA,NA,"Anchoveta (Engraulis ringens), all commercial species, 35 enterprise types","Fleet economics, processing pathways, market destinations",Fisheries policy; demonstrates human consumption generates 2x revenue and 3x jobs vs fishmeal production; economic multipliers ~2.9 across industry,NA,Novel ecosystem-economic modeling integrating EwE with comprehensive value chain analysis; first full sector valuation showing anchoveta is only 31% of GDP despite dominating catches,Single year snapshot; assumes market conditions stable,4,NA,NA,Demonstrates that directing fish to human consumption rather than fishmeal/oil creates more economic and social benefit. Challenges dominant fishmeal industry narrative. 35% of jobs in restaurants.
ART_1025,NA,"de Mutsert K, Steenbeek J, Lewis K, Buszowski J, Cowan JH Jr, Christensen V",2016,Exploring effects of hypoxia on fish and fisheries in the northern Gulf of Mexico using a dynamic spatially explicit ecosystem model,Ecological Modelling,NA,96,EwE,NA,Northern Gulf of Mexico (Louisiana shelf),Dynamic simulations with seasonal hypoxia,NA,NA,NA,"60 functional groups; focus on commercial species (red snapper, shrimp, menhaden)","Dissolved oxygen, chlorophyll-a from ROMS-biogeochemical model, fishing effort (gravitational fleet model)",Gulf hypoxia management; fisheries impact assessment; Mississippi River nutrient reduction scenarios,NA,Novel Ecospace plug-in for spatially-temporally dynamic DO and Chl-a forcing from coupled ROMS-biogeochemical model; separates positive (bottom-up fueling) and negative (hypoxia) effects of nutrients,Model parameterization for DO response; functional group aggregation,5,NA,NA,"Demonstrates that nutrient-driven productivity increases outweigh hypoxia decreases at aggregate level, BUT species-specific responses vary (red snapper net loss). Critical for nutrient management policy."
ART_0814,87,FLAGGED,2021,Dynamics of Human Capital Development in Economic Development Cycles,FLAGGED,NA,96,InVEST (incorrect assignment),FLAGGED - Database Error,N/A,N/A,NA,NA,NA,N/A,N/A,N/A,NA,DATABASE ERROR: Economics paper incorrectly assigned InVEST model tag,NOT A MARINE/ECOSYSTEM PAPER - requires manual verification,0,NA,NA,"Title suggests economics/human capital paper, not ecosystem services modeling"
ART_0285,88,Audzijonyte,2019,"Atlantis: A spatially explicit end-to-end marine ecosystem model with dynamically integrated physics, ecology and socio-economic modules",Methods in Ecology and Evolution,NA,95,Atlantis,End-to-End Ecosystem Model (Atlantis),Global framework (25+ implementations worldwide),Medium to long-term strategic projections (decades),NA,NA,NA,Full ecosystem - primary producers to top predators,"Oceanographic (physics), biogeochemical, fisheries, economics, management",Ecosystem-based fisheries management; Management strategy evaluation (MSE); 'What-if' scenarios; Climate change impacts,NA,"LANDMARK: Formal documentation of Atlantis framework; Modular architecture (simplest to most complex); Integrates physics, biology, fisheries, assessment, management, economics; Written in C for all OS; 25+ global applications",Not for tactical short-term advice (quotas); Parameter-intensive; Requires substantial calibration; Model complexity tradeoffs,5,NA,NA,LANDMARK PAPER - Official methods paper for Atlantis; Essential reference for end-to-end ecosystem modeling
ART_0361,89,Holstein,2014,Consistency and inconsistency in multispecies population network dynamics of coral reef ecosystems,Marine Ecology Progress Series,NA,93,Connectivity Modeling System (CMS),Biophysical Larval Dispersal Model (CMS),Caribbean Sea (Bahamas to South America),5 years (2004-2008),NA,NA,NA,"3 reef fish species (yellowtail snapper, stoplight parrotfish, bluehead wrasse) + 2 coral species (Orbicella annularis, Porites astreoides)","Ocean currents, larval traits (PLD, vertical behavior, flexion age)",MPA network design; Multispecies connectivity assessment; Source-sink dynamics; Larval corridor identification,NA,Multi-scale biophysical modeling for multispecies connectivity; Novel 'diversity of exogenous settlement' index for recolonization potential; Species-specific network analysis revealing management needs differ between corals and fish,Does not include post-settlement mortality; Habitat conditions not included; 5-year simulation period,4,NA,NA,Important for MPA network connectivity; CMS model widely applicable
ART_0517,90,Duponchelle,2016,Trans-Amazonian natal homing in giant catfish,Journal of Applied Ecology,NA,93,LA-MC-ICPMS (87Sr/86Sr analysis),Otolith Microchemistry (not spatial model),"Amazon Basin (Bolivia, Brazil, Peru - 6 countries)",Individual lifetime movements,NA,NA,NA,Giant catfish (Brachyplatystoma rousseauxii),Water chemistry (Sr isotope ratios),Fisheries connectivity; Dam impact assessment; International transboundary management; Migration corridor protection,NA,First confirmation of long-distance natal homing in freshwater fish (8000+ km round trip); Otolith 87Sr/86Sr microchemistry to track individual movements; Demonstrates compulsory migratory lifecycle,Not a spatial prediction model; Focused on single species; Indirect spatial inference,2,NA,NA,Methodologically important for connectivity but not spatial modeling per se; Highly relevant for dam impact assessment
ART_0174,91,Renaud,2018,Pelagic food-webs in a changing Arctic: a trait-based perspective suggests a mode of resilience,ICES Journal of Marine Science,NA,92,Trait-based energy transfer model (conceptual),Trait-Based Food Web Model,Pan-Arctic (European Arctic focus),Climate projections (decadal),NA,NA,NA,"Calanus copepod complex (C. glacialis, C. hyperboreus, C. finmarchicus)","Climate change, sea ice loss, primary production regimes, temperature",Arctic fisheries management; Climate change adaptation; Food web resilience assessment,NA,Trait-based perspective on Calanus species shifts; Challenges assumption that smaller boreal species replacing Arctic species will harm predators; Suggests energy transfer efficiency may compensate for body size changes,Conceptual/review rather than quantitative spatial model; Limited empirical validation,3,NA,NA,Important conceptual framework for Arctic; Trait-based approach highly relevant but not spatially explicit
ART_0365,92,Hollowed,2020,Integrated Modeling to Evaluate Climate Change Impacts on Coupled Social-Ecological Systems in Alaska,Frontiers in Marine Science,NA,92,Alaska Climate Integrated Modeling (ACLIM),Integrated Climate-Fisheries Model (ACLIM),Eastern Bering Sea (Alaska),"2006-2100 (current, mid-century, end-of-century)",NA,NA,NA,"Commercial fish and shellfish (walleye pollock, Pacific cod, crab)","Climate scenarios (CMIP5), oceanography (ROMS), biogeochemistry, fishing pressure",NPFMC decision support; Climate-ready fisheries management; Management strategy evaluation; Ecosystem approach to fisheries management,NA,"LANDMARK: Multi-model ensemble approach for climate-fisheries projections; Integrates GCMs, regional ocean models, population dynamics, economics, and MSE; Uncertainty decomposition (scenario, parameter, structural); 5-year iterative cycle matching stock assessment cycle",EBS-specific parameterization; Computationally intensive; Requires substantial data infrastructure,5,NA,NA,LANDMARK PAPER - Best practice for integrated climate-fisheries modeling; Direct management application
ART_0108,93,Amandè,2012,Precision in bycatch estimates: the case of tuna purse-seine fisheries in the Indian Ocean,ICES Journal of Marine Science,NA,91,GLM + Monte Carlo simulation,Generalized Linear Model (GLM),Indian Ocean (tropical),2003-2009,NA,NA,NA,"Bycatch species (sharks, rays, billfish, sea turtles, small tunas)","Fishing mode (FAD vs free school), observer coverage",Observer program design; Bycatch estimation precision; RFMO compliance monitoring,NA,Quantifies relationship between observer coverage and bycatch estimate precision; Shows 4.6% coverage yields >50% RRMSE for all species; GLM explains 85% of variability in estimate precision; Identifies minimum coverage requirements,Focused on precision not accuracy; Does not address observer behavior biases; Species-specific coverage needs vary widely,3,NA,NA,Important for fisheries monitoring design; Statistical methods broadly applicable
ART_0247,94,O'Brien,2018,A regional-scale ecological risk framework for environmental flow evaluations,Hydrology and Earth System Sciences,NA,91,Bayesian Network ecological risk model (Netica),Bayesian Network (BN) Risk Assessment,Senqu River (Lesotho/South Africa) and Mara River (Kenya/Tanzania),Project scenarios (dam development phases),NA,NA,NA,"Fish communities, riparian vegetation, aquatic invertebrates","Flow alterations, dam barriers, water abstraction",Environmental flow assessment; Dam impact evaluation; Ecosystem services risk assessment; Water resource development planning,NA,Regional-scale BN framework integrating ecological endpoints with socio-economic services; Spatially-referenced source-stressor-receptor pathways; Applicable to transboundary water management,Freshwater focus; Requires expert knowledge for BN parameterization; Relative rather than absolute risk,3,NA,NA,Freshwater focus but methods applicable to estuarine/coastal systems; BN approach valuable for integrated risk assessment
ART_0544,95,Sundblad,2011,Ecological coherence of marine protected area networks: a spatial assessment using species distribution models,Journal of Applied Ecology,NA,91,SDM (ensemble/statistical habitat models),Species Distribution Model (SDM),Baltic Sea (Swedish coast),Current distribution assessment,NA,NA,NA,"Coastal fish species (perch, pike) and habitat-forming species","Depth, substrate, wave exposure, temperature","MPA network design; Natura 2000 assessment; Ecological coherence evaluation (adequacy, representativity, replication, connectivity)",NA,SDM-based framework for assessing MPA network ecological coherence; Quantifies four coherence criteria; Identifies gaps in existing Natura 2000 network; Species-specific connectivity requirements,Static assessment (no temporal dynamics); Connectivity assessment limited by dispersal knowledge; Baltic-specific validation,4,NA,NA,Important for MPA network assessment; SDM methods widely applicable
ART_0505,96,Kaplan,2010,Fishing catch shares in the face of global change: a framework for integrating cumulative impacts and single species management,Canadian Journal of Fisheries and Aquatic Sciences,NA,89,California Current Atlantis,End-to-End Ecosystem Model (Atlantis),US West Coast (California Current),20-year projections,NA,NA,NA,"Groundfish (English sole, arrowtooth flounder, yellowtail rockfish, bocaccio)","Ocean acidification (pH decline), fishing pressure (IFQ scenarios)",IFQ/catch share design; Climate-robust fisheries management; Cumulative impact assessment; MSE,NA,First integration of ocean acidification with fisheries catch share scenarios in Atlantis; Shows indirect food web effects (prey loss) dominate over direct fishing effects; Demonstrates need for climate-robust management designs,Acidification impacts on benthos uncertain; Limited empirical validation of pH effects; Single system application,4,NA,NA,Important early application of Atlantis for climate + fisheries integration; Framework remains highly relevant
